Summary,Issue key,Issue id,Issue Type,Status,Project key,Project name,Project type,Project lead,Project lead id,Project description,Priority,Resolution,Assignee,Assignee Id,Reporter,Reporter Id,Creator,Creator Id,Created,Updated,Last Viewed,Resolved,Affects versions,Fix versions,Fix versions,Due date,Votes,Description,Environment,Watchers,Watchers Id,Original estimate,Remaining Estimate,Time Spent,Work Ratio,Σ Original Estimate,Σ Remaining Estimate,Σ Time Spent,Security Level,Inward issue link (Relates),Inward issue link (Relates),Inward issue link (Relates),Inward issue link (Relates),Inward issue link (Relates),Inward issue link (Relates),Inward issue link (Relates),Inward issue link (Relates),Inward issue link (Relates),Inward issue link (Relates),Outward issue link (Relates),Outward issue link (Relates),Outward issue link (Relates),Outward issue link (Relates),Outward issue link (Relates),Outward issue link (Relates),Outward issue link (Relates),Outward issue link (Relates),Outward issue link (Relates),Outward issue link (Relates),Attachment,Attachment,Custom field (Actual end),Custom field (Actual start),Custom field (Affected hardware),Custom field (Affected services),Custom field (Approvals),Custom field (Asset type),Custom field (Asset type),Custom field (Backout plan),Custom field (Category),Custom field (Change reason),Custom field (Change risk),Custom field (Change type),Custom field (Department),Custom field (Department),Custom field (Development),Custom field (Epic Color),Custom field (Epic Link),Epic Link Summary,Custom field (Epic Name),Custom field (Epic Status),Custom field (Impact),Custom field (Implementation plan),Custom field (Investigation reason),Custom field (Issue color),Custom field (Locked forms),Custom field (Major incident),Custom field (Open forms),Custom field (Pending reason),Custom field (Planned end),Custom field (Planned start),Custom field (Priority),Custom field (Project overview key),Custom field (Project overview status),Custom field (Rank),Custom field (Request Type),Custom field (Request language),Custom field (Request participants),Custom field (Responders),Custom field (Root cause),Satisfaction rating,Custom field (Satisfaction date),Custom field (Sentiment),Custom field (Severity),Custom field (Source),Sprint,Custom field (Start date),Custom field (Story Points),Custom field (Story point estimate),Custom field (Submitted forms),Custom field (Target end),Custom field (Target start),Custom field (Team),Custom field (Test plan),Custom field (Time to close after resolution),Custom field (Time to first response),Custom field (Time to resolution),Custom field (Time to review normal change),Custom field (Total forms),Custom field (Urgency),Custom field (Vulnerability),Custom field (Work category),Custom field (Workaround),Custom field ([CHART] Date of First Response),Custom field ([CHART] Time in Status),Comment,Comment,Parent,Parent summary,Status Category,Status Category Changed
Verificarea funcționalității videoclipului integrat în site-ul web (de sub cb_menu): ”iluminat public Techirghiol”,NPT-121,19643,Test,Done,NPT,Norbert Poka_TM2,software,ITF Classes,712020:8ab46ca2-145f-4a56-a13e-bb85ee67acea,,Medium,Done,IT Factory,712020:ac03dc4b-ffe6-4f35-ba83-41f3c30a3c67,IT Factory,712020:ac03dc4b-ffe6-4f35-ba83-41f3c30a3c67,IT Factory,712020:ac03dc4b-ffe6-4f35-ba83-41f3c30a3c67,25/Jul/24 7:50 PM,25/Jul/24 8:14 PM,25/Jul/24 8:17 PM,25/Jul/24 8:14 PM,,Primariatechirghiol.ro_versiunea_1.0_limba_română,,,0,"Verificarea faptului că funcțiile și rularea videoclipului menționat în sumar nu au probleme pe site-ul web al primăriei Techirghiol.

*Precondiții:* 

* Utilizatorul final deține un calculator personal cu cel puțin Windows 10 Home, fiind instalat pe acesta browser-ul Google Chrome, împreună cu un set de periferice și monitor.
* Utilizatorul final utilizează browser-ul Google Chrome pentru a accesa pagina principală a site-ului web: [https://www.primariatechirghiol.ro|https://www.primariatechirghiol.ro/].

*Criterii de acceptanță:*

* În cadrul videoclipului nu se află butoane sau alte elemente care nu au legătură cu videoclipul.
* Butoanele redirecționează corect utilizatorul final.
* Opțiunile existente pentru videoclip în site-ul web funcționează conform așteptărilor.",,IT Factory,712020:ac03dc4b-ffe6-4f35-ba83-41f3c30a3c67,,,,,,,,,NPT-41,NPT-42,NPT-43,NPT-24,,,,,,,,,,,,,,,,,,,,,,,com.atlassian.servicedesk.plugins.approvals.internal.customfield.ApprovalsCFValue@15deec96,,,,,,,,,,,,NPT-24,Videoclipul integrat în site-ul web (de sub cb_menu),,,,,,,,,,,,,,,,0|i01fdl:,,,,,,,,,,,NPT Sprint 1,,,,,,,,,,,,,,,,,,,3_*:*_1_*:*_1437011_*|*_10000_*:*_1_*:*_891_*|*_10001_*:*_1_*:*_0,,,18796,Videoclipul integrat în site-ul web (de sub cb_menu),Done,25/Jul/24 8:14 PM
(Samsung Galaxy S20 Ultra) Documentul: ”Raport privind Strategia Nationala Anticoruptie pe anul 2019” nu are așezate corespunzător imaginile,NPT-120,19642,Bug,Done,NPT,Norbert Poka_TM2,software,ITF Classes,712020:8ab46ca2-145f-4a56-a13e-bb85ee67acea,,Low,Done,IT Factory,712020:ac03dc4b-ffe6-4f35-ba83-41f3c30a3c67,IT Factory,712020:ac03dc4b-ffe6-4f35-ba83-41f3c30a3c67,IT Factory,712020:ac03dc4b-ffe6-4f35-ba83-41f3c30a3c67,25/Jul/24 1:55 PM,25/Jul/24 8:29 PM,25/Jul/24 8:44 PM,25/Jul/24 1:56 PM,Primariatechirghiol.ro_versiunea_1.0_limba_română,Primariatechirghiol.ro_versiunea_1.0_limba_română,,,0,"Documentului amintit în sumar nu i s-au așezat într-un mod corespunzător imaginile.

*Precondiții* 

* Este utilizat pentru testare un calculator personal cu cel puțin Windows 10 Home, fiind instalat pe acesta browser-ul Google Chrome, împreună cu un set de periferice și monitor.
* Prezența trebuie să fie realizată pe pagina principală a site-ului web: [https://www.primariatechirghiol.ro|https://www.primariatechirghiol.ro/].

*Pași de reproducere*

* Se accesează pagina principală a [https://www.primariatechirghiol.ro|https://www.primariatechirghiol.ro/].
* Se apasă pe tasta ”F12” a tastaturii de pe suprafața pe care este așezată, și se caută opțiunea ”Dimensiuni” (aproximativ pe mijlocul ecranul).
* Se apasă pe ”Dimensiuni”, și din lista de opțiuni ce se afișează va fi selectat: Samsung Galaxy S20 Ultra. 
* Pe urmă, se caută meniul ”RUTI conform SNA”.
* Se indentifică secțiunea: ”Rapoarte anuale”.
* Se apasă butonul stâng al mouse-ului/șoarecelui de pe suprafața pe care este așezată, click-ul fiind poziționat pe secțiunea: ”Rapoarte anuale”.
* După, se apasă butonul stâng al mouse-ului/șoarecelui de pe suprafața pe care este așezată, click-ul fiind poziționat pe documentul: ”Raport privind Strategia Nationala Anticoruptie pe anul 2019”.
* Se verifică așezarea imaginilor din document.

*Rezultate așteptate*

* Imaginile din document sunt așezate în mod corespunzător.

*Rezultate actuale*

* Imaginile din document nu sunt așezate corespunzător.",testing,IT Factory,712020:ac03dc4b-ffe6-4f35-ba83-41f3c30a3c67,,,,,,,,,NPT-46,,,,,,,,,,NPT-119,,,,,,,,,,,,,,,,com.atlassian.servicedesk.plugins.approvals.internal.customfield.ApprovalsCFValue@7a6c1f23,,,,,,,,,,,,NPT-30,RUTI conform SNA-leftsidebar (prezent pe partea stângă a paginii),,,,,,,,,,,,,,,,0|i01fdd:,,,,,,,,,,,NPT Sprint 1,,,,,,,,,,,,,,,,,,,10000_*:*_1_*:*_28782_*|*_10001_*:*_1_*:*_0,,,18808,RUTI conform SNA-leftsidebar (prezent pe partea stângă a paginii),Done,25/Jul/24 1:56 PM
Verificarea compatibilității meniului ”RUTI conform SNA” cu Samsung Galaxy S20 Ultra,NPT-119,19641,Test,Done,NPT,Norbert Poka_TM2,software,ITF Classes,712020:8ab46ca2-145f-4a56-a13e-bb85ee67acea,,Low,Done,IT Factory,712020:ac03dc4b-ffe6-4f35-ba83-41f3c30a3c67,IT Factory,712020:ac03dc4b-ffe6-4f35-ba83-41f3c30a3c67,IT Factory,712020:ac03dc4b-ffe6-4f35-ba83-41f3c30a3c67,25/Jul/24 1:49 PM,25/Jul/24 2:04 PM,25/Jul/24 8:44 PM,25/Jul/24 1:49 PM,,Primariatechirghiol.ro_versiunea_1.0_limba_română,,,0,"Verificarea faptului că meniul menționat în sumar se prezintă aproximativ la fel pe Samsung Galaxy S20 Ultra (fără să fie generate defecte), fiind utilizat browser-ul Google Chrome, ca și atunci când utilizatorul final interacționează cu meniul utilizând calculatorul personal. 

*Precondiții:* 

* Utilizatorul final deține un calculator personal cu cel puțin Windows 10 Home, fiind instalat pe acesta browser-ul Google Chrome, împreună cu un set de periferice și monitor.
* Utilizatorul final utilizează browser-ul Google Chrome pentru a accesa pagina principală a site-ului web: [https://www.primariatechirghiol.ro|https://www.primariatechirghiol.ro/].

*Criterii de acceptanță:*

* Meniul nu reprezintă în continuare niciun pericol pentru poziționarea altor elemente din acea zonă a site-ului web, fiind corect amplasat.
* În cadrul meniului nu apar alte butoane sau alte elemente care nu au legătură cu meniul.
* Butoanele nu suferă modificări de natură să provoace defecte în urma schimbării rezoluției de vizualizare.
* Butoanele în continuare redirecționează utilizatorul final către site-urile web așteptate.",,IT Factory,712020:ac03dc4b-ffe6-4f35-ba83-41f3c30a3c67,,,,,,,,,NPT-120,NPT-44,NPT-45,NPT-46,,,,,,,,,,,,,,,,,,,,,,,com.atlassian.servicedesk.plugins.approvals.internal.customfield.ApprovalsCFValue@57747f40,,,,,,,,,,,,NPT-30,RUTI conform SNA-leftsidebar (prezent pe partea stângă a paginii),,,,,,,,,,,,,,,,0|i01fd5:,,,,,,,,,,,NPT Sprint 1,,,,,,,,,,,,,,,,,,,10000_*:*_1_*:*_495_*|*_10001_*:*_1_*:*_0,,,18808,RUTI conform SNA-leftsidebar (prezent pe partea stângă a paginii),Done,25/Jul/24 1:49 PM
(iPad Pro) Documentul: ”Raport privind Strategia Nationala Anticoruptie pe anul 2019” nu are așezate corespunzător imaginile,NPT-118,19640,Bug,Done,NPT,Norbert Poka_TM2,software,ITF Classes,712020:8ab46ca2-145f-4a56-a13e-bb85ee67acea,,Low,Done,IT Factory,712020:ac03dc4b-ffe6-4f35-ba83-41f3c30a3c67,IT Factory,712020:ac03dc4b-ffe6-4f35-ba83-41f3c30a3c67,IT Factory,712020:ac03dc4b-ffe6-4f35-ba83-41f3c30a3c67,25/Jul/24 1:40 PM,25/Jul/24 8:29 PM,25/Jul/24 8:44 PM,25/Jul/24 1:43 PM,Primariatechirghiol.ro_versiunea_1.0_limba_română,Primariatechirghiol.ro_versiunea_1.0_limba_română,,,0,"Documentului amintit în sumar nu i s-au așezat într-un mod corespunzător imaginile.

*Precondiții* 

* Este utilizat pentru testare un calculator personal cu cel puțin Windows 10 Home, fiind instalat pe acesta browser-ul Google Chrome, împreună cu un set de periferice și monitor.
* Prezența trebuie să fie realizată pe pagina principală a site-ului web: [https://www.primariatechirghiol.ro|https://www.primariatechirghiol.ro/].

*Pași de reproducere*

* Se accesează pagina principală a [https://www.primariatechirghiol.ro|https://www.primariatechirghiol.ro/].
* Se apasă pe tasta ”F12” a tastaturii de pe suprafața pe care este așezată, și se caută opțiunea ”Dimensiuni” (aproximativ pe mijlocul ecranul).
* Se apasă pe ”Dimensiuni”, și din lista de opțiuni ce se afișează va fi selectat: iPad Pro. 
* Pe urmă, se caută meniul ”RUTI conform SNA”.
* Se indentifică secțiunea: ”Rapoarte anuale”.
* Se apasă butonul stâng al mouse-ului/șoarecelui de pe suprafața pe care este așezată, click-ul fiind poziționat pe secțiunea: ”Rapoarte anuale”.
* După, se apasă butonul stâng al mouse-ului/șoarecelui de pe suprafața pe care este așezată, click-ul fiind poziționat pe documentul: ”Raport privind Strategia Nationala Anticoruptie pe anul 2019”.
* Se verifică așezarea imaginilor din document.

*Rezultate așteptate*

* Imaginile din document sunt așezate în mod corespunzător.

*Rezultate actuale*

* Imaginile din document nu sunt așezate corespunzător.",testare,IT Factory,712020:ac03dc4b-ffe6-4f35-ba83-41f3c30a3c67,,,,,,,,,NPT-46,,,,,,,,,,NPT-117,,,,,,,,,,,,,,,,com.atlassian.servicedesk.plugins.approvals.internal.customfield.ApprovalsCFValue@7311cfd6,,,,,,,,,,,,NPT-30,RUTI conform SNA-leftsidebar (prezent pe partea stângă a paginii),,,,,,,,,,,,,,,,0|i01fcx:,,,,,,,,,,,NPT Sprint 1,,,,,,,,,,,,,,,,,,,10000_*:*_1_*:*_162839_*|*_10001_*:*_1_*:*_0,,,18808,RUTI conform SNA-leftsidebar (prezent pe partea stângă a paginii),Done,25/Jul/24 1:43 PM
Verificarea compatibilității meniului ”RUTI conform SNA” cu iPad Pro,NPT-117,19639,Test,Done,NPT,Norbert Poka_TM2,software,ITF Classes,712020:8ab46ca2-145f-4a56-a13e-bb85ee67acea,,Low,Done,IT Factory,712020:ac03dc4b-ffe6-4f35-ba83-41f3c30a3c67,IT Factory,712020:ac03dc4b-ffe6-4f35-ba83-41f3c30a3c67,IT Factory,712020:ac03dc4b-ffe6-4f35-ba83-41f3c30a3c67,25/Jul/24 1:27 PM,25/Jul/24 2:04 PM,25/Jul/24 8:44 PM,25/Jul/24 1:27 PM,,Primariatechirghiol.ro_versiunea_1.0_limba_română,,,0,"Verificarea faptului că meniul menționat în sumar se prezintă aproximativ la fel pe iPad Pro (fără să fie generate defecte), fiind utilizat browser-ul Google Chrome, ca și atunci când utilizatorul final interacționează cu meniul utilizând calculatorul personal. 

*Precondiții:* 

* Utilizatorul final deține un calculator personal cu cel puțin Windows 10 Home, fiind instalat pe acesta browser-ul Google Chrome, împreună cu un set de periferice și monitor.
* Utilizatorul final utilizează browser-ul Google Chrome pentru a accesa pagina principală a site-ului web: [https://www.primariatechirghiol.ro|https://www.primariatechirghiol.ro/].

*Criterii de acceptanță:*

* Meniul nu reprezintă în continuare niciun pericol pentru poziționarea altor elemente din acea zonă a site-ului web, fiind corect amplasat.
* În cadrul meniului nu apar alte butoane sau alte elemente care nu au legătură cu meniul.
* Butoanele nu suferă modificări de natură să provoace defecte în urma schimbării rezoluției de vizualizare.
* Butoanele în continuare redirecționează utilizatorul final către site-urile web așteptate.",,IT Factory,712020:ac03dc4b-ffe6-4f35-ba83-41f3c30a3c67,,,,,,,,,NPT-118,NPT-44,NPT-45,NPT-46,,,,,,,,,,,,,,,,,,,,,,,com.atlassian.servicedesk.plugins.approvals.internal.customfield.ApprovalsCFValue@570bee4b,,,,,,,,,,,,NPT-30,RUTI conform SNA-leftsidebar (prezent pe partea stângă a paginii),,,,,,,,,,,,,,,,0|i01fcp:,,,,,,,,,,,NPT Sprint 1,,,,,,,,,,,,,,,,,,,10000_*:*_1_*:*_641_*|*_10001_*:*_1_*:*_0,,,18808,RUTI conform SNA-leftsidebar (prezent pe partea stângă a paginii),Done,25/Jul/24 1:27 PM
(Microsoft Edge) Documentul: ”Raport privind Strategia Nationala Anticoruptie pe anul 2019” nu are așezate corespunzător imaginile,NPT-116,19638,Bug,Done,NPT,Norbert Poka_TM2,software,ITF Classes,712020:8ab46ca2-145f-4a56-a13e-bb85ee67acea,,Low,Done,IT Factory,712020:ac03dc4b-ffe6-4f35-ba83-41f3c30a3c67,IT Factory,712020:ac03dc4b-ffe6-4f35-ba83-41f3c30a3c67,IT Factory,712020:ac03dc4b-ffe6-4f35-ba83-41f3c30a3c67,25/Jul/24 1:19 PM,25/Jul/24 8:29 PM,25/Jul/24 8:44 PM,25/Jul/24 1:24 PM,Primariatechirghiol.ro_versiunea_1.0_limba_română,Primariatechirghiol.ro_versiunea_1.0_limba_română,,,0,"Documentului amintit în sumar nu i s-au așezat într-un mod corespunzător imaginile.

*Precondiții* 

* Este utilizat pentru testare un calculator personal cu cel puțin Windows 10 Home, fiind instalat pe acesta browser-ul Microsoft Edge, împreună cu un set de periferice și monitor.
* Prezența trebuie să fie realizată pe pagina principală a site-ului web: [https://www.primariatechirghiol.ro|https://www.primariatechirghiol.ro/].

*Pași de reproducere*

* Se accesează pagina principală a [https://www.primariatechirghiol.ro|https://www.primariatechirghiol.ro/].
* Pe urmă, se caută meniul ”RUTI conform SNA”.
* Se indentifică secțiunea: ”Rapoarte anuale”.
* Se apasă butonul stâng al mouse-ului/șoarecelui de pe suprafața pe care este așezată, click-ul fiind poziționat pe secțiunea: ”Rapoarte anuale”.
* După, se apasă butonul stâng al mouse-ului/șoarecelui de pe suprafața pe care este așezată, click-ul fiind poziționat pe documentul: ”Raport privind Strategia Nationala Anticoruptie pe anul 2019”.
* Se verifică așezarea imaginilor din document.

*Rezultate așteptate*

* Imaginile din document sunt așezate în mod corespunzător.

*Rezultate actuale*

* Imaginile din document nu sunt așezate corespunzător.",testare,IT Factory,712020:ac03dc4b-ffe6-4f35-ba83-41f3c30a3c67,,,,,,,,,NPT-46,,,,,,,,,,NPT-115,,,,,,,,,,,,,,,,com.atlassian.servicedesk.plugins.approvals.internal.customfield.ApprovalsCFValue@6cb5292a,,,,,,,,,,,,NPT-30,RUTI conform SNA-leftsidebar (prezent pe partea stângă a paginii),,,,,,,,,,,,,,,,0|i01fch:,,,,,,,,,,,NPT Sprint 1,,,,,,,,,,,,,,,,,,,10000_*:*_1_*:*_289678_*|*_10001_*:*_1_*:*_0,,,18808,RUTI conform SNA-leftsidebar (prezent pe partea stângă a paginii),Done,25/Jul/24 1:24 PM
Verificarea compatibilității meniului ”RUTI conform SNA” cu browser-ul Microsoft Edge,NPT-115,19637,Test,Done,NPT,Norbert Poka_TM2,software,ITF Classes,712020:8ab46ca2-145f-4a56-a13e-bb85ee67acea,,Low,Done,IT Factory,712020:ac03dc4b-ffe6-4f35-ba83-41f3c30a3c67,IT Factory,712020:ac03dc4b-ffe6-4f35-ba83-41f3c30a3c67,IT Factory,712020:ac03dc4b-ffe6-4f35-ba83-41f3c30a3c67,25/Jul/24 1:11 PM,25/Jul/24 2:03 PM,25/Jul/24 8:44 PM,25/Jul/24 1:11 PM,,Primariatechirghiol.ro_versiunea_1.0_limba_română,,,0,"Verificarea faptului că meniul menționat în sumar se prezintă exact la fel pe browser-ul Microsoft Edge, ca și atunci când utilizatorul final interacționează cu meniul utilizând browser-ul Google Chrome.

*Precondiții:* 

* Utilizatorul final deține un calculator personal cu cel puțin Windows 10 Home, fiind instalat pe acesta browser-ul Microsoft Edge, împreună cu un set de periferice și monitor.
* Utilizatorul final se află pe pagina principală a site-ului web: [https://www.primariatechirghiol.ro|https://www.primariatechirghiol.ro/].

*Criterii de acceptanță:*

* Meniul nu reprezintă în continuare niciun pericol pentru poziționarea altor elemente din acea zonă a site-ului web, fiind corect amplasat.
* În cadrul meniului nu apar alte butoane sau alte elemente care nu au legătură cu meniul.
* Butoanele nu suferă modificări de natură să provoace defecte în urma schimbării rezoluției de vizualizare.
* Butoanele în continuare redirecționează utilizatorul final către site-urile web așteptate.",,IT Factory,712020:ac03dc4b-ffe6-4f35-ba83-41f3c30a3c67,,,,,,,,,NPT-116,NPT-44,NPT-45,NPT-46,,,,,,,,,,,,,,,,,,,,,,,com.atlassian.servicedesk.plugins.approvals.internal.customfield.ApprovalsCFValue@18cfcb0c,,,,,,,,,,,,NPT-30,RUTI conform SNA-leftsidebar (prezent pe partea stângă a paginii),,,,,,,,,,,,,,,,0|i01fc9:,,,,,,,,,,,NPT Sprint 1,,,,,,,,,,,,,,,,,,,10000_*:*_1_*:*_515_*|*_10001_*:*_1_*:*_0,,,18808,RUTI conform SNA-leftsidebar (prezent pe partea stângă a paginii),Done,25/Jul/24 1:11 PM
(Mozilla Firefox) Documentul: ”Raport privind Strategia Nationala Anticoruptie pe anul 2019” nu are așezate corespunzător imaginile,NPT-112,19634,Bug,Done,NPT,Norbert Poka_TM2,software,ITF Classes,712020:8ab46ca2-145f-4a56-a13e-bb85ee67acea,,Low,Done,IT Factory,712020:ac03dc4b-ffe6-4f35-ba83-41f3c30a3c67,IT Factory,712020:ac03dc4b-ffe6-4f35-ba83-41f3c30a3c67,IT Factory,712020:ac03dc4b-ffe6-4f35-ba83-41f3c30a3c67,25/Jul/24 8:30 AM,25/Jul/24 8:29 PM,25/Jul/24 8:44 PM,25/Jul/24 8:31 AM,Primariatechirghiol.ro_versiunea_1.0_limba_română,Primariatechirghiol.ro_versiunea_1.0_limba_română,,,0,"Documentului amintit în sumar nu i s-au așezat într-un mod corespunzător imaginile.

*Precondiții* 

* Este utilizat pentru testare un calculator personal cu cel puțin Windows 10 Home, fiind instalat pe acesta browser-ul Mozilla Firefox, împreună cu un set de periferice și monitor.
* Prezența trebuie să fie realizată pe pagina principală a site-ului web: [https://www.primariatechirghiol.ro|https://www.primariatechirghiol.ro/].

*Pași de reproducere*

* Se accesează pagina principală a [https://www.primariatechirghiol.ro|https://www.primariatechirghiol.ro/].
* Pe urmă, se caută meniul ”RUTI conform SNA”.
* Se indentifică secțiunea: ”Rapoarte anuale”.
* Se apasă butonul stâng al mouse-ului/șoarecelui de pe suprafața pe care este așezată, click-ul fiind poziționat pe secțiunea: ”Rapoarte anuale”.
* După, se apasă butonul stâng al mouse-ului/șoarecelui de pe suprafața pe care este așezată, click-ul fiind poziționat pe documentul: ”Raport privind Strategia Nationala Anticoruptie pe anul 2019”.
* Se verifică așezarea imaginilor din document.

*Rezultate așteptate*

* Imaginile din document sunt așezate în mod corespunzător.

*Rezultate actuale*

* Imaginile din document nu sunt așezate corespunzător.",testare,IT Factory,712020:ac03dc4b-ffe6-4f35-ba83-41f3c30a3c67,,,,,,,,,NPT-46,,,,,,,,,,NPT-111,,,,,,,,,,,,,,,,com.atlassian.servicedesk.plugins.approvals.internal.customfield.ApprovalsCFValue@7f27d8fd,,,,,,,,,,,,NPT-30,RUTI conform SNA-leftsidebar (prezent pe partea stângă a paginii),,,,,,,,,,,,,,,,0|i01fbt:,,,,,,,,,,,NPT Sprint 1,,,,,,,,,,,,,,,,,,,10000_*:*_1_*:*_90829_*|*_10001_*:*_1_*:*_0,,,18808,RUTI conform SNA-leftsidebar (prezent pe partea stângă a paginii),Done,25/Jul/24 8:31 AM
Verificarea compatibilității meniului ”RUTI conform SNA” cu browser-ul Mozilla Firefox,NPT-111,19633,Test,Done,NPT,Norbert Poka_TM2,software,ITF Classes,712020:8ab46ca2-145f-4a56-a13e-bb85ee67acea,,Low,Done,IT Factory,712020:ac03dc4b-ffe6-4f35-ba83-41f3c30a3c67,IT Factory,712020:ac03dc4b-ffe6-4f35-ba83-41f3c30a3c67,IT Factory,712020:ac03dc4b-ffe6-4f35-ba83-41f3c30a3c67,25/Jul/24 8:13 AM,25/Jul/24 2:02 PM,25/Jul/24 8:44 PM,25/Jul/24 8:13 AM,,Primariatechirghiol.ro_versiunea_1.0_limba_română,,,0,"Verificarea faptului că meniul menționat în sumar se prezintă exact la fel pe browser-ul Mozilla Firefox, ca și atunci când utilizatorul final interacționează cu meniul utilizând browser-ul Google Chrome.

*Precondiții:* 

* Utilizatorul final deține un calculator personal cu cel puțin Windows 10 Home, fiind instalat pe acesta browser-ul Mozilla Firefox, împreună cu un set de periferice și monitor.
* Utilizatorul final se află pe pagina principală a site-ului web: [https://www.primariatechirghiol.ro|https://www.primariatechirghiol.ro/].

*Criterii de acceptanță:*

* Meniul nu reprezintă în continuare niciun pericol pentru poziționarea altor elemente din acea zonă a site-ului web, fiind corect amplasat.
* În cadrul meniului nu apar alte butoane sau alte elemente care nu au legătură cu meniul.
* Butoanele nu suferă modificări de natură să provoace defecte în urma schimbării rezoluției de vizualizare.
* Butoanele în continuare redirecționează utilizatorul final către site-urile web așteptate.",,IT Factory,712020:ac03dc4b-ffe6-4f35-ba83-41f3c30a3c67,,,,,,,,,NPT-112,NPT-44,NPT-45,NPT-46,,,,,,,,,,,,,,,,,,,,,,,com.atlassian.servicedesk.plugins.approvals.internal.customfield.ApprovalsCFValue@64c4eb41,,,,,,,,,,,,NPT-30,RUTI conform SNA-leftsidebar (prezent pe partea stângă a paginii),,,,,,,,,,,,,,,,0|i01fbl:,,,,,,,,,,,NPT Sprint 1,,,,,,,,,,,,,,,,,,,10000_*:*_1_*:*_479_*|*_10001_*:*_1_*:*_0,,,18808,RUTI conform SNA-leftsidebar (prezent pe partea stângă a paginii),Done,25/Jul/24 8:13 AM
Documentul: ”Raport privind Strategia Nationala Anticoruptie pe anul 2019” nu are așezate corespunzător imaginile,NPT-110,19632,Bug,Done,NPT,Norbert Poka_TM2,software,ITF Classes,712020:8ab46ca2-145f-4a56-a13e-bb85ee67acea,,Low,Done,IT Factory,712020:ac03dc4b-ffe6-4f35-ba83-41f3c30a3c67,IT Factory,712020:ac03dc4b-ffe6-4f35-ba83-41f3c30a3c67,IT Factory,712020:ac03dc4b-ffe6-4f35-ba83-41f3c30a3c67,25/Jul/24 7:57 AM,25/Jul/24 8:28 PM,25/Jul/24 8:44 PM,25/Jul/24 8:09 AM,Primariatechirghiol.ro_versiunea_1.0_limba_română,Primariatechirghiol.ro_versiunea_1.0_limba_română,,,0,"Documentului amintit în sumar nu i s-au așezat într-un mod corespunzător imaginile.

*Precondiții* 

* Este utilizat pentru testare un calculator personal cu cel puțin Windows 10 Home, fiind instalat pe acesta browser-ul Microsoft Edge, împreună cu un set de periferice și monitor.
* Prezența trebuie să fie realizată pe pagina principală a site-ului web: [https://www.primariatechirghiol.ro|https://www.primariatechirghiol.ro/].

*Pași de reproducere*

* Se accesează pagina principală a [https://www.primariatechirghiol.ro|https://www.primariatechirghiol.ro/].
* Pe urmă, se caută meniul ”RUTI conform SNA”.
* Se indentifică secțiunea: ”Rapoarte anuale”.
* Se apasă butonul stâng al mouse-ului/șoarecelui de pe suprafața pe care este așezată, click-ul fiind poziționat pe secțiunea: ”Rapoarte anuale”.
* După, se apasă butonul stâng al mouse-ului/șoarecelui de pe suprafața pe care este așezată, click-ul fiind poziționat pe documentul: ”Raport privind Strategia Nationala Anticoruptie pe anul 2019”.
* Se verifică așezarea imaginilor din document.

*Rezultate așteptate*

* Imaginile din document sunt așezate în mod corespunzător.

*Rezultate actuale*

* Imaginile din document nu sunt așezate corespunzător.",testare,IT Factory,712020:ac03dc4b-ffe6-4f35-ba83-41f3c30a3c67,,,,,,,,,NPT-46,,,,,,,,,,NPT-109,,,,,,,,,,25/Jul/24 8:08 AM;712020:ac03dc4b-ffe6-4f35-ba83-41f3c30a3c67;Screenshot (17758).png;https://itfclasses.atlassian.net/rest/api/3/attachment/content/11639,25/Jul/24 8:08 AM;712020:ac03dc4b-ffe6-4f35-ba83-41f3c30a3c67;Screenshot (17759).png;https://itfclasses.atlassian.net/rest/api/3/attachment/content/11640,,,,,com.atlassian.servicedesk.plugins.approvals.internal.customfield.ApprovalsCFValue@3a1e524a,,,,,,,,,,,,NPT-30,RUTI conform SNA-leftsidebar (prezent pe partea stângă a paginii),,,,,,,,,,,,,,,,0|i01fbd:,,,,,,,,,,,NPT Sprint 1,,,,,,,,,,,,,,,,,,,10000_*:*_1_*:*_695742_*|*_10001_*:*_1_*:*_0,"25/Jul/24 8:08 AM;712020:ac03dc4b-ffe6-4f35-ba83-41f3c30a3c67;

!Screenshot (17758).png|width=1373,height=1013,alt=""Screenshot (17758).png""!



!Screenshot (17759).png|width=1374,height=1009,alt=""Screenshot (17759).png""!",,18808,RUTI conform SNA-leftsidebar (prezent pe partea stângă a paginii),Done,25/Jul/24 8:09 AM
Verificarea structurii și a funcționalității meniului ”RUTI conform SNA”,NPT-109,19631,Test,Done,NPT,Norbert Poka_TM2,software,ITF Classes,712020:8ab46ca2-145f-4a56-a13e-bb85ee67acea,,Low,Done,IT Factory,712020:ac03dc4b-ffe6-4f35-ba83-41f3c30a3c67,IT Factory,712020:ac03dc4b-ffe6-4f35-ba83-41f3c30a3c67,IT Factory,712020:ac03dc4b-ffe6-4f35-ba83-41f3c30a3c67,25/Jul/24 7:37 AM,25/Jul/24 8:09 AM,25/Jul/24 7:45 PM,25/Jul/24 8:09 AM,,Primariatechirghiol.ro_versiunea_1.0_limba_română,,,0,"Verificarea faptului că meniul menționat în sumar este conform așteptărilor.

*Precondiții:* 

* Utilizatorul final deține un calculator personal cu cel puțin Windows 10 Home, fiind instalat pe acesta browser-ul Google Chrome, împreună cu un set de periferice și monitor.
* Utilizatorul final utilizează browser-ul Google Chrome pentru a accesa pagina principală a site-ului web: [https://www.primariatechirghiol.ro|https://www.primariatechirghiol.ro/].

*Criterii de acceptanță:*

* Meniul nu reprezintă niciun pericol pentru poziționarea altor elemente din acea zonă a site-ului web, fiind corect amplasat.
* Titlului meniului i s-a aplicat un font potrivit și o culoare potrivită, fiind și corect amplasat.
* În cadrul meniului nu se află butoane sau alte elemente care nu au legătură cu meniul.
* Butoanele redirecționează utilizatorul final către site-urile web așteptate.",,IT Factory,712020:ac03dc4b-ffe6-4f35-ba83-41f3c30a3c67,,,,,,,,,NPT-44,NPT-45,NPT-46,NPT-110,,,,,,,,,,,,,,,,,,,,,,,com.atlassian.servicedesk.plugins.approvals.internal.customfield.ApprovalsCFValue@73cc57e0,,,,,,,,,,,,NPT-30,RUTI conform SNA-leftsidebar (prezent pe partea stângă a paginii),,,,,,,,,,,,,,,,0|i01fb5:,,,,,,,,,,,NPT Sprint 1,,,,,,,,,,,,,,,,,,,3_*:*_1_*:*_1908130_*|*_10000_*:*_1_*:*_772_*|*_10001_*:*_1_*:*_0,,,18808,RUTI conform SNA-leftsidebar (prezent pe partea stângă a paginii),Done,25/Jul/24 8:09 AM
"(Microsoft Edge) Butonul ”Ministerul Dezvoltării Regionale și Turismului”, din meniul ”Link-uri Utile”, nu redirecționează utilizatorul final către site-ul web așteptat",NPT-108,19630,Bug,Done,NPT,Norbert Poka_TM2,software,ITF Classes,712020:8ab46ca2-145f-4a56-a13e-bb85ee67acea,,Medium,Done,IT Factory,712020:ac03dc4b-ffe6-4f35-ba83-41f3c30a3c67,IT Factory,712020:ac03dc4b-ffe6-4f35-ba83-41f3c30a3c67,IT Factory,712020:ac03dc4b-ffe6-4f35-ba83-41f3c30a3c67,25/Jul/24 6:49 AM,25/Jul/24 8:28 PM,25/Jul/24 8:44 PM,25/Jul/24 7:16 AM,Primariatechirghiol.ro_versiunea_1.0_limba_română,Primariatechirghiol.ro_versiunea_1.0_limba_română,,,0,"Butonul amintit în sumar nu conduce utilizatorul final către site-ul web așteptat, ci către: [http://www.mdlpl.ro/|http://www.mdlpl.ro/|smart-link].

*Precondiții* 

* Este utilizat pentru testare un calculator personal cu cel puțin Windows 10 Home, fiind instalat pe acesta browser-ul Microsoft Edge, împreună cu un set de periferice și monitor.
* Prezența trebuie să fie realizată pe pagina principală a site-ului web: [https://www.primariatechirghiol.ro|https://www.primariatechirghiol.ro/].

*Pași de reproducere*

* Se accesează pagina principală a [https://www.primariatechirghiol.ro|https://www.primariatechirghiol.ro/].
* Pe urmă, se caută meniul ”Link-uri utile”/sidebar-ul (pe partea dreaptă).
* Se indentifică butonul: ”Ministerul Dezvoltării Regionale și Turismului”.
* Se apasă butonul stâng al mouse-ului/șoarecelui de pe suprafața pe care este așezată, click-ul fiind poziționat pe butonul ”Ministerul Dezvoltării Regionale și Turismului”.

*Rezultate așteptate*

* Butonul redirecționează utilizatorul final către site-ul web așteptat.

*Rezultate actuale*

* Utilizatorul final nu este condus către site-ul web așteptat.",testare,IT Factory,712020:ac03dc4b-ffe6-4f35-ba83-41f3c30a3c67,,,,,,,,,NPT-56,,,,,,,,,,NPT-100,,,,,,,,,,,,,,,,com.atlassian.servicedesk.plugins.approvals.internal.customfield.ApprovalsCFValue@1869dd4d,,,,,,,,,,,,NPT-25,Meniul de link-uri utile/sidebar-ul (pe partea dreaptă),,,,,,,,,,,,,,,,0|i01fax:,,,,,,,,,,,NPT Sprint 1,,,,,,,,,,,,,,,,,,,10000_*:*_1_*:*_1611056_*|*_10001_*:*_1_*:*_0,,,18798,Meniul de link-uri utile/sidebar-ul (pe partea dreaptă),Done,25/Jul/24 7:16 AM
"(Microsoft Edge) Butonul ”AM PODCA”, din meniul ”Link-uri Utile”, redirecționează utilizatorul final către un site web inaccesibil",NPT-107,19629,Bug,Done,NPT,Norbert Poka_TM2,software,ITF Classes,712020:8ab46ca2-145f-4a56-a13e-bb85ee67acea,,Medium,Done,IT Factory,712020:ac03dc4b-ffe6-4f35-ba83-41f3c30a3c67,IT Factory,712020:ac03dc4b-ffe6-4f35-ba83-41f3c30a3c67,IT Factory,712020:ac03dc4b-ffe6-4f35-ba83-41f3c30a3c67,25/Jul/24 6:48 AM,25/Jul/24 8:28 PM,25/Jul/24 8:44 PM,25/Jul/24 7:16 AM,Primariatechirghiol.ro_versiunea_1.0_limba_română,Primariatechirghiol.ro_versiunea_1.0_limba_română,,,0,"Butonul amintit în sumar conduce utilizatorul final către un site web care nu poate fi accesat: [https://www.fonduriadministratie.ro|https://www.fonduriadministratie.ro]

*Precondiții* 

* Este utilizat pentru testare un calculator personal cu cel puțin Windows 10 Home, fiind instalat pe acesta browser-ul Microsoft Edge, împreună cu un set de periferice și monitor.
* Prezența trebuie să fie realizată pe pagina principală a site-ului web: [https://www.primariatechirghiol.ro|https://www.primariatechirghiol.ro/].

*Pași de reproducere*

* Se accesează pagina principală a [https://www.primariatechirghiol.ro|https://www.primariatechirghiol.ro/].
* Pe urmă, se caută meniul ”Link-uri utile”/sidebar-ul (pe partea dreaptă).
* Se indentifică butonul: ”AM PODCA”.
* Se apasă butonul stâng al mouse-ului/șoarecelui de pe suprafața pe care este așezată, click-ul fiind poziționat pe butonul ”AM PODCA”.

*Rezultate așteptate*

* Butonul redirecționează utilizatorul final către un site web accesibil.

*Rezultate actuale*

* Utilizatorul final este condus către un site web care nu poate fi accesat.",testare,IT Factory,712020:ac03dc4b-ffe6-4f35-ba83-41f3c30a3c67,,,,,,,,,NPT-49,,,,,,,,,,NPT-100,,,,,,,,,,,,,,,,com.atlassian.servicedesk.plugins.approvals.internal.customfield.ApprovalsCFValue@676696e1,,,,,,,,,,,,NPT-25,Meniul de link-uri utile/sidebar-ul (pe partea dreaptă),,,,,,,,,,,,,,,,0|i01fap:,,,,,,,,,,,NPT Sprint 1,,,,,,,,,,,,,,,,,,,10000_*:*_1_*:*_1654548_*|*_10001_*:*_1_*:*_0,,,18798,Meniul de link-uri utile/sidebar-ul (pe partea dreaptă),Done,25/Jul/24 7:16 AM
"(Samsung Galaxy S20 Ultra) Butonul ”Ministerul Dezvoltării Regionale și Turismului”, din meniul ”Link-uri Utile”, nu redirecționează utilizatorul final către site-ul web așteptat",NPT-106,19628,Bug,Done,NPT,Norbert Poka_TM2,software,ITF Classes,712020:8ab46ca2-145f-4a56-a13e-bb85ee67acea,,Medium,Done,IT Factory,712020:ac03dc4b-ffe6-4f35-ba83-41f3c30a3c67,IT Factory,712020:ac03dc4b-ffe6-4f35-ba83-41f3c30a3c67,IT Factory,712020:ac03dc4b-ffe6-4f35-ba83-41f3c30a3c67,25/Jul/24 6:48 AM,25/Jul/24 8:28 PM,25/Jul/24 8:44 PM,25/Jul/24 7:16 AM,Primariatechirghiol.ro_versiunea_1.0_limba_română,Primariatechirghiol.ro_versiunea_1.0_limba_română,,,0,"Butonul amintit în sumar nu conduce utilizatorul final către site-ul web așteptat, ci către: [http://www.mdlpl.ro/|http://www.mdlpl.ro/|smart-link].

*Precondiții* 

* Este utilizat pentru testare un calculator personal cu cel puțin Windows 10 Home, fiind instalat pe acesta browser-ul Google Chrome, împreună cu un set de periferice și monitor.
* Prezența trebuie să fie realizată pe pagina principală a site-ului web: [https://www.primariatechirghiol.ro|https://www.primariatechirghiol.ro/].

*Pași de reproducere*

* Se accesează pagina principală a [https://www.primariatechirghiol.ro|https://www.primariatechirghiol.ro/].
* Se apasă pe tasta ”F12” a tastaturii de pe suprafața pe care este așezată, și se caută opțiunea ”Dimensiuni” (aproximativ pe mijlocul ecranul).
* Se apasă pe ”Dimensiuni”, și din lista de opțiuni ce se afișează va fi selectat: iPad Pro. 
* Pe urmă, se caută meniul ”Link-uri utile”/sidebar-ul (pe partea dreaptă).
* Se indentifică butonul: ”AM PODCA”.
* Se apasă butonul stâng al mouse-ului/șoarecelui de pe suprafața pe care este așezată, click-ul fiind poziționat pe butonul ”AM PODCA”.

*Rezultate așteptate*

* Butonul redirecționează utilizatorul final către site-ul web așteptat.

*Rezultate actuale*

* Utilizatorul final nu este condus către site-ul web așteptat.",testare,IT Factory,712020:ac03dc4b-ffe6-4f35-ba83-41f3c30a3c67,,,,,,,,,NPT-56,,,,,,,,,,NPT-99,,,,,,,,,,,,,,,,com.atlassian.servicedesk.plugins.approvals.internal.customfield.ApprovalsCFValue@44dc67e5,,,,,,,,,,,,NPT-25,Meniul de link-uri utile/sidebar-ul (pe partea dreaptă),,,,,,,,,,,,,,,,0|i01fah:,,,,,,,,,,,NPT Sprint 1,,,,,,,,,,,,,,,,,,,10000_*:*_1_*:*_1698363_*|*_10001_*:*_1_*:*_0,,,18798,Meniul de link-uri utile/sidebar-ul (pe partea dreaptă),Done,25/Jul/24 7:16 AM
"(Samsung Galaxy S20 Ultra) Butonul ”AM PODCA”, din meniul ”Link-uri Utile”, redirecționează utilizatorul final către un site web inaccesibil",NPT-105,19627,Bug,Done,NPT,Norbert Poka_TM2,software,ITF Classes,712020:8ab46ca2-145f-4a56-a13e-bb85ee67acea,,Medium,Done,IT Factory,712020:ac03dc4b-ffe6-4f35-ba83-41f3c30a3c67,IT Factory,712020:ac03dc4b-ffe6-4f35-ba83-41f3c30a3c67,IT Factory,712020:ac03dc4b-ffe6-4f35-ba83-41f3c30a3c67,25/Jul/24 6:47 AM,25/Jul/24 8:28 PM,25/Jul/24 8:44 PM,25/Jul/24 7:16 AM,Primariatechirghiol.ro_versiunea_1.0_limba_română,Primariatechirghiol.ro_versiunea_1.0_limba_română,,,0,"Butonul amintit în sumar conduce utilizatorul final către un site web care nu poate fi accesat: [https://www.fonduriadministratie.ro|https://www.fonduriadministratie.ro]

*Precondiții* 

* Este utilizat pentru testare un calculator personal cu cel puțin Windows 10 Home, fiind instalat pe acesta browser-ul Google Chrome, împreună cu un set de periferice și monitor.
* Prezența trebuie să fie realizată pe pagina principală a site-ului web: [https://www.primariatechirghiol.ro|https://www.primariatechirghiol.ro/].

*Pași de reproducere*

* Se accesează pagina principală a [https://www.primariatechirghiol.ro|https://www.primariatechirghiol.ro/].
* Se apasă pe tasta ”F12” a tastaturii de pe suprafața pe care este așezată, și se caută opțiunea ”Dimensiuni” (aproximativ pe mijlocul ecranul).
* Se apasă pe ”Dimensiuni”, și din lista de opțiuni ce se afișează va fi selectat: Samsung Galaxy S20 Ultra. 
* Pe urmă, se caută meniul ”Link-uri utile”/sidebar-ul (pe partea dreaptă).
* Se indentifică butonul: ”AM PODCA”.
* Se apasă butonul stâng al mouse-ului/șoarecelui de pe suprafața pe care este așezată, click-ul fiind poziționat pe butonul ”AM PODCA”.

*Rezultate așteptate*

* Butonul redirecționează utilizatorul final către un site web accesibil.

*Rezultate actuale*

* Utilizatorul final este condus către un site web care nu poate fi accesat.",testare,IT Factory,712020:ac03dc4b-ffe6-4f35-ba83-41f3c30a3c67,,,,,,,,,NPT-49,,,,,,,,,,NPT-99,,,,,,,,,,,,,,,,com.atlassian.servicedesk.plugins.approvals.internal.customfield.ApprovalsCFValue@20d18e74,,,,,,,,,,,,NPT-25,Meniul de link-uri utile/sidebar-ul (pe partea dreaptă),,,,,,,,,,,,,,,,0|i01fa9:,,,,,,,,,,,NPT Sprint 1,,,,,,,,,,,,,,,,,,,10000_*:*_1_*:*_1751381_*|*_10001_*:*_1_*:*_0,,,18798,Meniul de link-uri utile/sidebar-ul (pe partea dreaptă),Done,25/Jul/24 7:16 AM
"(Mozilla Firefox) Butonul ”Ministerul Dezvoltării Regionale și Turismului”, din meniul ”Link-uri Utile”, nu redirecționează utilizatorul final către site-ul web așteptat",NPT-104,19626,Bug,Done,NPT,Norbert Poka_TM2,software,ITF Classes,712020:8ab46ca2-145f-4a56-a13e-bb85ee67acea,,Medium,Done,IT Factory,712020:ac03dc4b-ffe6-4f35-ba83-41f3c30a3c67,IT Factory,712020:ac03dc4b-ffe6-4f35-ba83-41f3c30a3c67,IT Factory,712020:ac03dc4b-ffe6-4f35-ba83-41f3c30a3c67,25/Jul/24 6:45 AM,25/Jul/24 8:28 PM,25/Jul/24 8:44 PM,25/Jul/24 7:16 AM,Primariatechirghiol.ro_versiunea_1.0_limba_română,Primariatechirghiol.ro_versiunea_1.0_limba_română,,,0,"Butonul amintit în sumar nu conduce utilizatorul final către site-ul web așteptat, ci către: [http://www.mdlpl.ro/|http://www.mdlpl.ro/|smart-link].

*Precondiții* 

* Este utilizat pentru testare un calculator personal cu cel puțin Windows 10 Home, fiind instalat pe acesta browser-ul Mozilla Firefox, împreună cu un set de periferice și monitor.
* Prezența trebuie să fie realizată pe pagina principală a site-ului web: [https://www.primariatechirghiol.ro|https://www.primariatechirghiol.ro/].

*Pași de reproducere*

* Se accesează pagina principală a [https://www.primariatechirghiol.ro|https://www.primariatechirghiol.ro/].
* Pe urmă, se caută meniul ”Link-uri utile”/sidebar-ul (pe partea dreaptă).
* Se indentifică butonul: ”Ministerul Dezvoltării Regionale și Turismului”.
* Se apasă butonul stâng al mouse-ului/șoarecelui de pe suprafața pe care este așezată, click-ul fiind poziționat pe butonul ”Ministerul Dezvoltării Regionale și Turismului”.

*Rezultate așteptate*

* Butonul redirecționează utilizatorul final către site-ul web așteptat.

*Rezultate actuale*

* Utilizatorul final nu este condus către site-ul web așteptat.",testare,IT Factory,712020:ac03dc4b-ffe6-4f35-ba83-41f3c30a3c67,,,,,,,,,NPT-56,,,,,,,,,,NPT-95,,,,,,,,,,,,,,,,com.atlassian.servicedesk.plugins.approvals.internal.customfield.ApprovalsCFValue@31b3bcf5,,,,,,,,,,,,NPT-25,Meniul de link-uri utile/sidebar-ul (pe partea dreaptă),,,,,,,,,,,,,,,,0|i01fa1:,,,,,,,,,,,NPT Sprint 1,,,,,,,,,,,,,,,,,,,10000_*:*_1_*:*_1844885_*|*_10001_*:*_1_*:*_0,,,18798,Meniul de link-uri utile/sidebar-ul (pe partea dreaptă),Done,25/Jul/24 7:16 AM
"(Mozilla Firefox) Butonul ”AM PODCA”, din meniul ”Link-uri Utile”, redirecționează utilizatorul final către un site web inaccesibil",NPT-103,19625,Bug,Done,NPT,Norbert Poka_TM2,software,ITF Classes,712020:8ab46ca2-145f-4a56-a13e-bb85ee67acea,,Medium,Done,IT Factory,712020:ac03dc4b-ffe6-4f35-ba83-41f3c30a3c67,IT Factory,712020:ac03dc4b-ffe6-4f35-ba83-41f3c30a3c67,IT Factory,712020:ac03dc4b-ffe6-4f35-ba83-41f3c30a3c67,25/Jul/24 6:44 AM,25/Jul/24 8:28 PM,25/Jul/24 8:44 PM,25/Jul/24 7:16 AM,Primariatechirghiol.ro_versiunea_1.0_limba_română,Primariatechirghiol.ro_versiunea_1.0_limba_română,,,0,"Butonul amintit în sumar conduce utilizatorul final către un site web care nu poate fi accesat: [https://www.fonduriadministratie.ro|https://www.fonduriadministratie.ro]

*Precondiții* 

* Este utilizat pentru testare un calculator personal cu cel puțin Windows 10 Home, fiind instalat pe acesta browser-ul Mozilla Firefox, împreună cu un set de periferice și monitor.
* Prezența trebuie să fie realizată pe pagina principală a site-ului web: [https://www.primariatechirghiol.ro|https://www.primariatechirghiol.ro/].

*Pași de reproducere*

* Se accesează pagina principală a [https://www.primariatechirghiol.ro|https://www.primariatechirghiol.ro/].
* Pe urmă, se caută meniul ”Link-uri utile”/sidebar-ul (pe partea dreaptă).
* Se indentifică butonul: ”AM PODCA”.
* Se apasă butonul stâng al mouse-ului/șoarecelui de pe suprafața pe care este așezată, click-ul fiind poziționat pe butonul ”AM PODCA”.

*Rezultate așteptate*

* Butonul redirecționează utilizatorul final către un site web accesibil.

*Rezultate actuale*

* Utilizatorul final este condus către un site web care nu poate fi accesat.",testare,IT Factory,712020:ac03dc4b-ffe6-4f35-ba83-41f3c30a3c67,,,,,,,,,NPT-49,,,,,,,,,,NPT-95,,,,,,,,,,,,,,,,com.atlassian.servicedesk.plugins.approvals.internal.customfield.ApprovalsCFValue@54176959,,,,,,,,,,,,NPT-25,Meniul de link-uri utile/sidebar-ul (pe partea dreaptă),,,,,,,,,,,,,,,,0|i01f9t:,,,,,,,,,,,NPT Sprint 1,,,,,,,,,,,,,,,,,,,10000_*:*_1_*:*_1917913_*|*_10001_*:*_1_*:*_0,,,18798,Meniul de link-uri utile/sidebar-ul (pe partea dreaptă),Done,25/Jul/24 7:16 AM
"(iPad Pro) Butonul ”Ministerul Dezvoltării Regionale și Turismului”, din meniul ”Link-uri Utile”, nu redirecționează utilizatorul final către site-ul web așteptat",NPT-102,19624,Bug,Done,NPT,Norbert Poka_TM2,software,ITF Classes,712020:8ab46ca2-145f-4a56-a13e-bb85ee67acea,,Medium,Done,IT Factory,712020:ac03dc4b-ffe6-4f35-ba83-41f3c30a3c67,IT Factory,712020:ac03dc4b-ffe6-4f35-ba83-41f3c30a3c67,IT Factory,712020:ac03dc4b-ffe6-4f35-ba83-41f3c30a3c67,25/Jul/24 6:43 AM,25/Jul/24 8:28 PM,25/Jul/24 8:44 PM,25/Jul/24 7:16 AM,Primariatechirghiol.ro_versiunea_1.0_limba_română,Primariatechirghiol.ro_versiunea_1.0_limba_română,,,0,"Butonul amintit în sumar nu conduce utilizatorul final către site-ul web așteptat, ci către: [http://www.mdlpl.ro/|http://www.mdlpl.ro/|smart-link].

*Precondiții* 

* Este utilizat pentru testare un calculator personal cu cel puțin Windows 10 Home, fiind instalat pe acesta browser-ul Google Chrome, împreună cu un set de periferice și monitor.
* Prezența trebuie să fie realizată pe pagina principală a site-ului web: [https://www.primariatechirghiol.ro|https://www.primariatechirghiol.ro/].

*Pași de reproducere*

* Se accesează pagina principală a [https://www.primariatechirghiol.ro|https://www.primariatechirghiol.ro/].
* Se apasă pe tasta ”F12” a tastaturii de pe suprafața pe care este așezată, și se caută opțiunea ”Dimensiuni” (aproximativ pe mijlocul ecranul).
* Se apasă pe ”Dimensiuni”, și din lista de opțiuni ce se afișează va fi selectat: iPad Pro. 
* Pe urmă, se caută meniul ”Link-uri utile”/sidebar-ul (pe partea dreaptă).
* Se indentifică butonul: ”AM PODCA”.
* Se apasă butonul stâng al mouse-ului/șoarecelui de pe suprafața pe care este așezată, click-ul fiind poziționat pe butonul ”AM PODCA”.

*Rezultate așteptate*

* Butonul redirecționează utilizatorul final către site-ul web așteptat.

*Rezultate actuale*

* Utilizatorul final nu este condus către site-ul web așteptat.",testare,IT Factory,712020:ac03dc4b-ffe6-4f35-ba83-41f3c30a3c67,,,,,,,,,NPT-56,,,,,,,,,,NPT-94,,,,,,,,,,,,,,,,com.atlassian.servicedesk.plugins.approvals.internal.customfield.ApprovalsCFValue@71536c4,,,,,,,,,,,,NPT-25,Meniul de link-uri utile/sidebar-ul (pe partea dreaptă),,,,,,,,,,,,,,,,0|i01f9l:,,,,,,,,,,,NPT Sprint 1,,,,,,,,,,,,,,,,,,,10000_*:*_1_*:*_1970990_*|*_10001_*:*_1_*:*_0,,,18798,Meniul de link-uri utile/sidebar-ul (pe partea dreaptă),Done,25/Jul/24 7:16 AM
"(iPad Pro) Butonul ”AM PODCA”, din meniul ”Link-uri Utile”, redirecționează utilizatorul final către un site web inaccesibil",NPT-101,19623,Bug,Done,NPT,Norbert Poka_TM2,software,ITF Classes,712020:8ab46ca2-145f-4a56-a13e-bb85ee67acea,,Medium,Done,IT Factory,712020:ac03dc4b-ffe6-4f35-ba83-41f3c30a3c67,IT Factory,712020:ac03dc4b-ffe6-4f35-ba83-41f3c30a3c67,IT Factory,712020:ac03dc4b-ffe6-4f35-ba83-41f3c30a3c67,25/Jul/24 6:42 AM,25/Jul/24 8:28 PM,25/Jul/24 8:44 PM,25/Jul/24 7:16 AM,Primariatechirghiol.ro_versiunea_1.0_limba_română,Primariatechirghiol.ro_versiunea_1.0_limba_română,,,0,"Butonul amintit în sumar conduce utilizatorul final către un site web care nu poate fi accesat: [https://www.fonduriadministratie.ro|https://www.fonduriadministratie.ro]

*Precondiții* 

* Este utilizat pentru testare un calculator personal cu cel puțin Windows 10 Home, fiind instalat pe acesta browser-ul Google Chrome, împreună cu un set de periferice și monitor.
* Prezența trebuie să fie realizată pe pagina principală a site-ului web: [https://www.primariatechirghiol.ro|https://www.primariatechirghiol.ro/].

*Pași de reproducere*

* Se accesează pagina principală a [https://www.primariatechirghiol.ro|https://www.primariatechirghiol.ro/].
* Se apasă pe tasta ”F12” a tastaturii de pe suprafața pe care este așezată, și se caută opțiunea ”Dimensiuni” (aproximativ pe mijlocul ecranul).
* Se apasă pe ”Dimensiuni”, și din lista de opțiuni ce se afișează va fi selectat: iPad Pro. 
* Pe urmă, se caută meniul ”Link-uri utile”/sidebar-ul (pe partea dreaptă).
* Se indentifică butonul: ”AM PODCA”.
* Se apasă butonul stâng al mouse-ului/șoarecelui de pe suprafața pe care este așezată, click-ul fiind poziționat pe butonul ”AM PODCA”.

*Rezultate așteptate*

* Butonul redirecționează utilizatorul final către un site web accesibil.

*Rezultate actuale*

* Utilizatorul final este condus către un site web care nu poate fi accesat.",testare,IT Factory,712020:ac03dc4b-ffe6-4f35-ba83-41f3c30a3c67,,,,,,,,,NPT-49,,,,,,,,,,NPT-94,,,,,,,,,,,,,,,,com.atlassian.servicedesk.plugins.approvals.internal.customfield.ApprovalsCFValue@54e1a06d,,,,,,,,,,,,NPT-25,Meniul de link-uri utile/sidebar-ul (pe partea dreaptă),,,,,,,,,,,,,,,,0|i01f9d:,,,,,,,,,,,NPT Sprint 1,,,,,,,,,,,,,,,,,,,10000_*:*_1_*:*_2019964_*|*_10001_*:*_1_*:*_0,,,18798,Meniul de link-uri utile/sidebar-ul (pe partea dreaptă),Done,25/Jul/24 7:16 AM
Verificarea compatibilității meniului ”Link-uri Utile” cu browser-ul Microsoft Edge,NPT-100,19622,Test,Done,NPT,Norbert Poka_TM2,software,ITF Classes,712020:8ab46ca2-145f-4a56-a13e-bb85ee67acea,,Medium,Done,IT Factory,712020:ac03dc4b-ffe6-4f35-ba83-41f3c30a3c67,IT Factory,712020:ac03dc4b-ffe6-4f35-ba83-41f3c30a3c67,IT Factory,712020:ac03dc4b-ffe6-4f35-ba83-41f3c30a3c67,25/Jul/24 6:09 AM,25/Jul/24 3:24 PM,25/Jul/24 4:33 PM,25/Jul/24 7:16 AM,,Primariatechirghiol.ro_versiunea_1.0_limba_română,,,0,"Verificarea faptului că meniul menționat în sumar se prezintă exact la fel pe browser-ul Microsoft Edge, ca și atunci când utilizatorul final interacționează cu meniul utilizând browser-ul Google Chrome.

*Precondiții:* 

* Utilizatorul final deține un calculator personal cu cel puțin Windows 10 Home, fiind instalat pe acesta browser-ul Microsoft Edge, împreună cu un set de periferice și monitor.
* Utilizatorul final se află pe pagina principală a site-ului web: [https://www.primariatechirghiol.ro|https://www.primariatechirghiol.ro/].

*Criterii de acceptanță:*

* Meniul nu reprezintă în continuare niciun pericol pentru poziționarea altor elemente din acea zonă a site-ului web, fiind corect amplasat.
* În cadrul meniului nu apar alte butoane sau alte elemente care nu au legătură cu meniul.
* Butoanele nu suferă modificări de natură să provoace defecte în urma schimbării rezoluției de vizualizare.
* Butoanele în continuare redirecționează utilizatorul final către site-urile web așteptate.",,IT Factory,712020:ac03dc4b-ffe6-4f35-ba83-41f3c30a3c67,,,,,,,,,NPT-52,NPT-56,NPT-57,NPT-49,NPT-50,NPT-51,NPT-53,NPT-54,NPT-107,NPT-108,NPT-55,,,,,,,,,,,,,,,,com.atlassian.servicedesk.plugins.approvals.internal.customfield.ApprovalsCFValue@786f233a,,,,,,,,,,,,NPT-25,Meniul de link-uri utile/sidebar-ul (pe partea dreaptă),,,,,,,,,,,,,,,,0|i01f95:,,,,,,,,,,,NPT Sprint 1,,,,,,,,,,,,,,,,,,,3_*:*_1_*:*_4008406_*|*_10000_*:*_1_*:*_720_*|*_10001_*:*_1_*:*_0,,,18798,Meniul de link-uri utile/sidebar-ul (pe partea dreaptă),Done,25/Jul/24 7:16 AM
Verificarea compatibilității meniului ”Link-uri Utile” cu Samsung Galaxy S20 Ultra,NPT-99,19621,Test,Done,NPT,Norbert Poka_TM2,software,ITF Classes,712020:8ab46ca2-145f-4a56-a13e-bb85ee67acea,,Medium,Done,IT Factory,712020:ac03dc4b-ffe6-4f35-ba83-41f3c30a3c67,IT Factory,712020:ac03dc4b-ffe6-4f35-ba83-41f3c30a3c67,IT Factory,712020:ac03dc4b-ffe6-4f35-ba83-41f3c30a3c67,25/Jul/24 5:48 AM,25/Jul/24 3:27 PM,25/Jul/24 8:44 PM,25/Jul/24 7:16 AM,,Primariatechirghiol.ro_versiunea_1.0_limba_română,,,0,"Verificarea faptului că meniul menționat în sumar se prezintă aproximativ la fel pe Samsung Galaxy S20 Ultra (fără să fie generate defecte), fiind utilizat browser-ul Google Chrome, ca și atunci când utilizatorul final interacționează cu meniul utilizând calculatorul personal. 

*Precondiții:* 

* Utilizatorul final deține un calculator personal cu cel puțin Windows 10 Home, fiind instalat pe acesta browser-ul Google Chrome, împreună cu un set de periferice și monitor.
* Utilizatorul final utilizează browser-ul Google Chrome pentru a accesa pagina principală a site-ului web: [https://www.primariatechirghiol.ro|https://www.primariatechirghiol.ro/].

*Criterii de acceptanță:*

* Meniul nu reprezintă în continuare niciun pericol pentru poziționarea altor elemente din acea zonă a site-ului web, fiind corect amplasat.
* În cadrul meniului nu apar alte butoane sau alte elemente care nu au legătură cu meniul.
* Butoanele nu suferă modificări de natură să provoace defecte în urma schimbării rezoluției de vizualizare.
* Butoanele în continuare redirecționează utilizatorul final către site-urile web așteptate.",,IT Factory,712020:ac03dc4b-ffe6-4f35-ba83-41f3c30a3c67,,,,,,,,,NPT-52,NPT-56,NPT-57,NPT-49,NPT-50,NPT-51,NPT-105,NPT-106,,,NPT-53,NPT-55,NPT-54,,,,,,,,,,,,,,com.atlassian.servicedesk.plugins.approvals.internal.customfield.ApprovalsCFValue@f12f2b,,,,,,,,,,,,NPT-25,Meniul de link-uri utile/sidebar-ul (pe partea dreaptă),,,,,,,,,,,,,,,,0|i01f8x:,,,,,,,,,,,NPT Sprint 1,,,,,,,,,,,,,,,,,,,3_*:*_1_*:*_5287730_*|*_10000_*:*_1_*:*_706_*|*_10001_*:*_1_*:*_0,,,18798,Meniul de link-uri utile/sidebar-ul (pe partea dreaptă),Done,25/Jul/24 7:16 AM
"Butonul ”Ministerul Dezvoltării Regionale și Turismului”, din meniul ”Link-uri Utile”, nu redirecționează utilizatorul final către site-ul web așteptat",NPT-97,19619,Bug,Done,NPT,Norbert Poka_TM2,software,ITF Classes,712020:8ab46ca2-145f-4a56-a13e-bb85ee67acea,,Medium,Done,IT Factory,712020:ac03dc4b-ffe6-4f35-ba83-41f3c30a3c67,IT Factory,712020:ac03dc4b-ffe6-4f35-ba83-41f3c30a3c67,IT Factory,712020:ac03dc4b-ffe6-4f35-ba83-41f3c30a3c67,25/Jul/24 4:50 AM,25/Jul/24 8:28 PM,25/Jul/24 8:44 PM,25/Jul/24 7:16 AM,Primariatechirghiol.ro_versiunea_1.0_limba_română,Primariatechirghiol.ro_versiunea_1.0_limba_română,,,0,"Butonul amintit în sumar nu conduce utilizatorul final către site-ul web așteptat, ci către: [http://www.mdlpl.ro/|http://www.mdlpl.ro/|smart-link].

*Precondiții* 

* Este utilizat pentru testare un calculator personal cu cel puțin Windows 10 Home, fiind instalat pe acesta browser-ul Google Chrome, împreună cu un set de periferice și monitor.
* Prezența trebuie să fie realizată pe pagina principală a site-ului web: [https://www.primariatechirghiol.ro|https://www.primariatechirghiol.ro/].

*Pași de reproducere*

* Se accesează pagina principală a [https://www.primariatechirghiol.ro|https://www.primariatechirghiol.ro/].
* Pe urmă, se caută meniul ”Link-uri utile”/sidebar-ul (pe partea dreaptă).
* Se indentifică butonul: ”Ministerul Dezvoltării Regionale și Turismului”.
* Se apasă butonul stâng al mouse-ului/șoarecelui de pe suprafața pe care este așezată, click-ul fiind poziționat pe butonul ”Ministerul Dezvoltării Regionale și Turismului”.

*Rezultate așteptate*

* Butonul redirecționează utilizatorul final către site-ul web așteptat.

*Rezultate actuale*

* Utilizatorul final nu este condus către site-ul web așteptat.",testare,IT Factory,712020:ac03dc4b-ffe6-4f35-ba83-41f3c30a3c67,,,,,,,,,NPT-56,,,,,,,,,,NPT-93,,,,,,,,,,25/Jul/24 4:55 AM;712020:ac03dc4b-ffe6-4f35-ba83-41f3c30a3c67;Screenshot (17598).png;https://itfclasses.atlassian.net/rest/api/3/attachment/content/11638,,,,,,com.atlassian.servicedesk.plugins.approvals.internal.customfield.ApprovalsCFValue@5e65eb25,,,,,,,,,,,,NPT-25,Meniul de link-uri utile/sidebar-ul (pe partea dreaptă),,,,,,,,,,,,,,,,0|i01f8p:,,,,,,,,,,,NPT Sprint 1,,,,,,,,,,,,,,,,,,,10000_*:*_1_*:*_8781491_*|*_10001_*:*_1_*:*_0,"25/Jul/24 4:55 AM;712020:ac03dc4b-ffe6-4f35-ba83-41f3c30a3c67;

!Screenshot (17598).png|width=1772,height=1006,alt=""Screenshot (17598).png""!",,18798,Meniul de link-uri utile/sidebar-ul (pe partea dreaptă),Done,25/Jul/24 7:16 AM
"Butonul ”AM PODCA”, din meniul ”Link-uri Utile”, redirecționează utilizatorul final către un site web inaccesibil",NPT-96,19618,Bug,Done,NPT,Norbert Poka_TM2,software,ITF Classes,712020:8ab46ca2-145f-4a56-a13e-bb85ee67acea,,Medium,Done,IT Factory,712020:ac03dc4b-ffe6-4f35-ba83-41f3c30a3c67,IT Factory,712020:ac03dc4b-ffe6-4f35-ba83-41f3c30a3c67,IT Factory,712020:ac03dc4b-ffe6-4f35-ba83-41f3c30a3c67,25/Jul/24 4:41 AM,25/Jul/24 8:28 PM,25/Jul/24 8:44 PM,25/Jul/24 7:16 AM,Primariatechirghiol.ro_versiunea_1.0_limba_română,Primariatechirghiol.ro_versiunea_1.0_limba_română,,,0,"Butonul amintit în sumar conduce utilizatorul final către un site web care nu poate fi accesat: [https://www.fonduriadministratie.ro|https://www.fonduriadministratie.ro]

*Precondiții* 

* Este utilizat pentru testare un calculator personal cu cel puțin Windows 10 Home, fiind instalat pe acesta browser-ul Google Chrome, împreună cu un set de periferice și monitor.
* Prezența trebuie să fie realizată pe pagina principală a site-ului web: [https://www.primariatechirghiol.ro|https://www.primariatechirghiol.ro/].

*Pași de reproducere*

* Se accesează pagina principală a [https://www.primariatechirghiol.ro|https://www.primariatechirghiol.ro/].
* Pe urmă, se caută meniul ”Link-uri utile”/sidebar-ul (pe partea dreaptă).
* Se indentifică butonul: ”AM PODCA”.
* Se apasă butonul stâng al mouse-ului/șoarecelui de pe suprafața pe care este așezată, click-ul fiind poziționat pe butonul ”AM PODCA”.

*Rezultate așteptate*

* Butonul redirecționează utilizatorul final către un site web accesibil.

*Rezultate actuale*

* Utilizatorul final este condus către un site web care nu poate fi accesat.",testare,IT Factory,712020:ac03dc4b-ffe6-4f35-ba83-41f3c30a3c67,,,,,,,,,NPT-49,,,,,,,,,,NPT-93,,,,,,,,,,25/Jul/24 4:48 AM;712020:ac03dc4b-ffe6-4f35-ba83-41f3c30a3c67;Screenshot (17599).png;https://itfclasses.atlassian.net/rest/api/3/attachment/content/11637,,,,,,com.atlassian.servicedesk.plugins.approvals.internal.customfield.ApprovalsCFValue@79c338ab,,,,,,,,,,,,NPT-25,Meniul de link-uri utile/sidebar-ul (pe partea dreaptă),,,,,,,,,,,,,,,,0|i01f8h:,,,,,,,,,,,NPT Sprint 1,,,,,,,,,,,,,,,,,,,3_*:*_1_*:*_9312712_*|*_10000_*:*_1_*:*_10076_*|*_10001_*:*_1_*:*_0,"25/Jul/24 4:48 AM;712020:ac03dc4b-ffe6-4f35-ba83-41f3c30a3c67;

!Screenshot (17599).png|width=1756,height=455,alt=""Screenshot (17599).png""!",,18798,Meniul de link-uri utile/sidebar-ul (pe partea dreaptă),Done,25/Jul/24 7:16 AM
Verificarea compatibilității meniului ”Link-uri Utile” cu browser-ul Mozilla Firefox,NPT-95,19617,Test,Done,NPT,Norbert Poka_TM2,software,ITF Classes,712020:8ab46ca2-145f-4a56-a13e-bb85ee67acea,,Medium,Done,IT Factory,712020:ac03dc4b-ffe6-4f35-ba83-41f3c30a3c67,IT Factory,712020:ac03dc4b-ffe6-4f35-ba83-41f3c30a3c67,IT Factory,712020:ac03dc4b-ffe6-4f35-ba83-41f3c30a3c67,25/Jul/24 2:34 AM,25/Jul/24 3:24 PM,25/Jul/24 8:44 PM,25/Jul/24 7:16 AM,,Primariatechirghiol.ro_versiunea_1.0_limba_română,,,0,"Verificarea faptului că meniul menționat în sumar se prezintă exact la fel pe browser-ul Mozilla Firefox, ca și atunci când utilizatorul final interacționează cu meniul utilizând browser-ul Google Chrome.

*Precondiții:* 

* Utilizatorul final deține un calculator personal cu cel puțin Windows 10 Home, fiind instalat pe acesta browser-ul Mozilla Firefox, împreună cu un set de periferice și monitor.
* Utilizatorul final se află pe pagina principală a site-ului web: [https://www.primariatechirghiol.ro|https://www.primariatechirghiol.ro/].

*Criterii de acceptanță:*

* Meniul nu reprezintă în continuare niciun pericol pentru poziționarea altor elemente din acea zonă a site-ului web, fiind corect amplasat.
* În cadrul meniului nu apar alte butoane sau alte elemente care nu au legătură cu meniul.
* Butoanele nu suferă modificări de natură să provoace defecte în urma schimbării rezoluției de vizualizare.
* Butoanele în continuare redirecționează utilizatorul final către site-urile web așteptate.",,IT Factory,712020:ac03dc4b-ffe6-4f35-ba83-41f3c30a3c67,,,,,,,,,NPT-52,NPT-53,NPT-54,NPT-56,NPT-57,NPT-49,NPT-50,NPT-51,NPT-103,NPT-104,NPT-55,,,,,,,,,,,,,,,,com.atlassian.servicedesk.plugins.approvals.internal.customfield.ApprovalsCFValue@7228b1e5,,,,,,,,,,,,NPT-25,Meniul de link-uri utile/sidebar-ul (pe partea dreaptă),,,,,,,,,,,,,,,,0|i01f89:,,,,,,,,,,,NPT Sprint 1,,,,,,,,,,,,,,,,,,,3_*:*_1_*:*_16941473_*|*_10000_*:*_1_*:*_880_*|*_10001_*:*_1_*:*_0,,,18798,Meniul de link-uri utile/sidebar-ul (pe partea dreaptă),Done,25/Jul/24 7:16 AM
Verificarea compatibilității meniului ”Link-uri Utile” cu iPad Pro,NPT-94,19616,Test,Done,NPT,Norbert Poka_TM2,software,ITF Classes,712020:8ab46ca2-145f-4a56-a13e-bb85ee67acea,,Medium,Done,IT Factory,712020:ac03dc4b-ffe6-4f35-ba83-41f3c30a3c67,IT Factory,712020:ac03dc4b-ffe6-4f35-ba83-41f3c30a3c67,IT Factory,712020:ac03dc4b-ffe6-4f35-ba83-41f3c30a3c67,25/Jul/24 2:18 AM,25/Jul/24 3:24 PM,25/Jul/24 8:44 PM,25/Jul/24 7:16 AM,,Primariatechirghiol.ro_versiunea_1.0_limba_română,,,0,"Verificarea faptului că meniul menționat în sumar se prezintă aproximativ la fel pe iPad Pro (fără să fie generate defecte), fiind utilizat browser-ul Google Chrome, ca și atunci când utilizatorul final interacționează cu meniul utilizând calculatorul personal. 

*Precondiții:* 

* Utilizatorul final deține un calculator personal cu cel puțin Windows 10 Home, fiind instalat pe acesta browser-ul Google Chrome, împreună cu un set de periferice și monitor.
* Utilizatorul final utilizează browser-ul Google Chrome pentru a accesa pagina principală a site-ului web: [https://www.primariatechirghiol.ro|https://www.primariatechirghiol.ro/].

*Criterii de acceptanță:*

* Meniul nu reprezintă în continuare niciun pericol pentru poziționarea altor elemente din acea zonă a site-ului web, fiind corect amplasat.
* În cadrul meniului nu apar alte butoane sau alte elemente care nu au legătură cu meniul.
* Butoanele nu suferă modificări de natură să provoace defecte în urma schimbării rezoluției de vizualizare.
* Butoanele în continuare redirecționează utilizatorul final către site-urile web așteptate.",,IT Factory,712020:ac03dc4b-ffe6-4f35-ba83-41f3c30a3c67,,,,,,,,,NPT-52,NPT-53,NPT-54,NPT-56,NPT-57,NPT-49,NPT-50,NPT-51,NPT-101,NPT-102,NPT-55,,,,,,,,,,,,,,,,com.atlassian.servicedesk.plugins.approvals.internal.customfield.ApprovalsCFValue@7467e36a,,,,,,,,,,,,NPT-25,Meniul de link-uri utile/sidebar-ul (pe partea dreaptă),,,,,,,,,,,,,,,,0|i01f81:,,,,,,,,,,,NPT Sprint 1,,,,,,,,,,,,,,,,,,,3_*:*_1_*:*_17636150_*|*_10000_*:*_1_*:*_247095_*|*_10001_*:*_1_*:*_0,,,18798,Meniul de link-uri utile/sidebar-ul (pe partea dreaptă),Done,25/Jul/24 7:16 AM
Verificarea structurii și a funcționalității meniului ”Link-uri Utile”,NPT-93,19615,Test,Done,NPT,Norbert Poka_TM2,software,ITF Classes,712020:8ab46ca2-145f-4a56-a13e-bb85ee67acea,,Medium,Done,IT Factory,712020:ac03dc4b-ffe6-4f35-ba83-41f3c30a3c67,IT Factory,712020:ac03dc4b-ffe6-4f35-ba83-41f3c30a3c67,IT Factory,712020:ac03dc4b-ffe6-4f35-ba83-41f3c30a3c67,25/Jul/24 1:53 AM,25/Jul/24 3:24 PM,25/Jul/24 8:44 PM,25/Jul/24 7:16 AM,,Primariatechirghiol.ro_versiunea_1.0_limba_română,,,0,"Verificarea faptului că meniul menționat în sumar este conform așteptărilor.

*Precondiții:* 

* Utilizatorul final deține un calculator personal cu cel puțin Windows 10 Home, fiind instalat pe acesta browser-ul Google Chrome, împreună cu un set de periferice și monitor.
* Utilizatorul final utilizează browser-ul Google Chrome pentru a accesa pagina principală a site-ului web: [https://www.primariatechirghiol.ro|https://www.primariatechirghiol.ro/].

*Criterii de acceptanță:*

* Meniul nu reprezintă niciun pericol pentru poziționarea altor elemente din acea zonă a site-ului web, fiind corect amplasat.
* Titlului meniului i s-a aplicat un font potrivit și o culoare potrivită, fiind și corect amplasat.
* În cadrul meniului nu se află butoane sau alte elemente care nu au legătură cu meniul.
* Butoanele redirecționează utilizatorul final către site-urile web așteptate.",,IT Factory,712020:ac03dc4b-ffe6-4f35-ba83-41f3c30a3c67,,,,,,,,,NPT-52,NPT-53,NPT-54,NPT-56,NPT-57,NPT-49,NPT-50,NPT-51,NPT-96,NPT-97,NPT-55,,,,,,,,,,,,,,,,com.atlassian.servicedesk.plugins.approvals.internal.customfield.ApprovalsCFValue@1596883f,,,,,,,,,,,,NPT-25,Meniul de link-uri utile/sidebar-ul (pe partea dreaptă),,,,,,,,,,,,,,,,0|i01f7t:,,,,,,,,,,,NPT Sprint 1,,,,,,,,,,,,,,,,,,,3_*:*_1_*:*_19383105_*|*_10000_*:*_1_*:*_1193_*|*_10001_*:*_1_*:*_0,,,18798,Meniul de link-uri utile/sidebar-ul (pe partea dreaptă),Done,25/Jul/24 7:16 AM
Verificarea iconiței: ”mail”,NPT-70,18875,Test,Done,NPT,Norbert Poka_TM2,software,ITF Classes,712020:8ab46ca2-145f-4a56-a13e-bb85ee67acea,,High,Done,IT Factory,712020:ac03dc4b-ffe6-4f35-ba83-41f3c30a3c67,IT Factory,712020:ac03dc4b-ffe6-4f35-ba83-41f3c30a3c67,IT Factory,712020:ac03dc4b-ffe6-4f35-ba83-41f3c30a3c67,18/Jun/24 1:53 AM,25/Jul/24 4:35 PM,25/Jul/24 4:26 PM,18/Jun/24 2:09 AM,,Primariatechirghiol_versiunea_1.0_PentruAltăDată,,,0,"Verificarea faptului că iconița amintită în sumar este conformă, perfect vizibilă și corect poziționată.

*Precondiții:* 

* Utilizatorul final deține un calculator personal cu cel puțin Windows 10 Home, fiind instalat pe acesta browser-ul Google Chrome, împreună cu un set de periferice și monitor.
* Utilizatorul final se află pe pagina principală a site-ului web: [https://www.primariatechirghiol.ro|https://www.primariatechirghiol.ro/].

*Criterii de acceptanță:*

* Iconița este corect amplasată.
* Iconița este corect aleasă pentru textul cu care este corelat.
* Iconița nu prezintă probleme legate de aspectul vizual, și nu afectează poziționarea celorlalte elemente.",,IT Factory,712020:ac03dc4b-ffe6-4f35-ba83-41f3c30a3c67,,,,,,,,,NPT-36,NPT-72,,,,,,,,,,,,,,,,,,,,,,,,,com.atlassian.servicedesk.plugins.approvals.internal.customfield.ApprovalsCFValue@3b8531dd,,,,,,,,,,,,NPT-22,Header/cb_logo,,,,,,,,,,,,,,,,0|i01bc9:,,,,,,,,,,,,,,,,,,,,,,,,,,,,,,10000_*:*_1_*:*_920659_*|*_10001_*:*_1_*:*_0,,,18794,Header/cb_logo,Done,18/Jun/24 2:09 AM
Titlul meniului: ”Link-uri Utile”,NPT-57,18856,Story,Done,NPT,Norbert Poka_TM2,software,ITF Classes,712020:8ab46ca2-145f-4a56-a13e-bb85ee67acea,,Medium,Done,IT Factory,712020:ac03dc4b-ffe6-4f35-ba83-41f3c30a3c67,IT Factory,712020:ac03dc4b-ffe6-4f35-ba83-41f3c30a3c67,IT Factory,712020:ac03dc4b-ffe6-4f35-ba83-41f3c30a3c67,17/Jun/24 3:29 PM,25/Jul/24 7:16 AM,25/Jul/24 8:44 PM,25/Jul/24 7:16 AM,,Primariatechirghiol.ro_versiunea_1.0_limba_română,,,0,"Titlul acestui meniu este amplasat pe partea dreaptă a paginii/sidebar, deasupra butoanelor: AM PODCA, Președintele României, Guvernul României, Senatul României, Camera Deputaților, Uniunea Europeană, Infoeuropa, Ministerul Dezvoltării Regionale și Turismului.",,IT Factory,712020:ac03dc4b-ffe6-4f35-ba83-41f3c30a3c67,,,,,,,,,NPT-25,,,,,,,,,,NPT-93,NPT-94,NPT-95,NPT-99,NPT-100,,,,,,,,,,,,com.atlassian.servicedesk.plugins.approvals.internal.customfield.ApprovalsCFValue@3204c8c1,,,,,,,,,,,,NPT-25,Meniul de link-uri utile/sidebar-ul (pe partea dreaptă),,,,,,,,,,,,,,,,0|i01b81:,,,,,,,,,,,NPT Sprint 1,,,,,,,,,,,,,,,,,,,3_*:*_1_*:*_3253574209_*|*_10000_*:*_1_*:*_620_*|*_10001_*:*_1_*:*_0,,,18798,Meniul de link-uri utile/sidebar-ul (pe partea dreaptă),Done,25/Jul/24 7:16 AM
Buton: ”Ministerul Dezvoltării Regionale și Turismului”,NPT-56,18855,Story,Done,NPT,Norbert Poka_TM2,software,ITF Classes,712020:8ab46ca2-145f-4a56-a13e-bb85ee67acea,,Medium,Done,IT Factory,712020:ac03dc4b-ffe6-4f35-ba83-41f3c30a3c67,IT Factory,712020:ac03dc4b-ffe6-4f35-ba83-41f3c30a3c67,IT Factory,712020:ac03dc4b-ffe6-4f35-ba83-41f3c30a3c67,17/Jun/24 3:22 PM,25/Jul/24 7:16 AM,25/Jul/24 3:23 PM,25/Jul/24 7:16 AM,,Primariatechirghiol.ro_versiunea_1.0_limba_română,,,0,"Prin apăsarea butonului acesta, utilizatorul final ar trebui să fie redirecționat către site-ul web al fostului Minister al Dezvoltării Regionale și Turismului, actual ”Ministerul Dezvoltării, Lucrărilor Publice și Administrației”:

[https://mdlpa.ro|https://mdlpa.ro]",,IT Factory,712020:ac03dc4b-ffe6-4f35-ba83-41f3c30a3c67,,,,,,,,,NPT-25,,,,,,,,,,NPT-93,NPT-94,NPT-95,NPT-97,NPT-99,NPT-100,NPT-102,NPT-104,NPT-106,NPT-108,,,,,,,com.atlassian.servicedesk.plugins.approvals.internal.customfield.ApprovalsCFValue@2558990e,,,,,,,,,,,,NPT-25,Meniul de link-uri utile/sidebar-ul (pe partea dreaptă),,,,,,,,,,,,,,,,0|i01b7t:,,,,,,,,,,,NPT Sprint 1,,,,,,,,,,,,,,,,,,,3_*:*_1_*:*_3254010380_*|*_10000_*:*_1_*:*_542_*|*_10001_*:*_1_*:*_0,,,18798,Meniul de link-uri utile/sidebar-ul (pe partea dreaptă),Done,25/Jul/24 7:16 AM
Buton: ”Infoeuropa”,NPT-55,18854,Story,Done,NPT,Norbert Poka_TM2,software,ITF Classes,712020:8ab46ca2-145f-4a56-a13e-bb85ee67acea,,Medium,Done,IT Factory,712020:ac03dc4b-ffe6-4f35-ba83-41f3c30a3c67,IT Factory,712020:ac03dc4b-ffe6-4f35-ba83-41f3c30a3c67,IT Factory,712020:ac03dc4b-ffe6-4f35-ba83-41f3c30a3c67,17/Jun/24 3:19 PM,25/Jul/24 3:26 PM,25/Jul/24 3:25 PM,25/Jul/24 7:16 AM,,Primariatechirghiol.ro_versiunea_1.0_limba_română,,,0,"Prin apăsarea butonului acesta, utilizatorul final ar trebui să fie redirecționat către site-ul web:

[http://ec.europa.eu/romania/index_ro|http://ec.europa.eu/romania/index_ro.htm]",,IT Factory,712020:ac03dc4b-ffe6-4f35-ba83-41f3c30a3c67,,,,,,,,,NPT-25,NPT-93,NPT-94,NPT-95,NPT-100,NPT-99,,,,,,,,,,,,,,,,,,,,,com.atlassian.servicedesk.plugins.approvals.internal.customfield.ApprovalsCFValue@22e18b91,,,,,,,,,,,,NPT-25,Meniul de link-uri utile/sidebar-ul (pe partea dreaptă),,,,,,,,,,,,,,,,0|i01b7l:,,,,,,,,,,,NPT Sprint 1,,,,,,,,,,,,,,,,,,,3_*:*_1_*:*_3253805374_*|*_10000_*:*_1_*:*_374732_*|*_10001_*:*_1_*:*_0,,,18798,Meniul de link-uri utile/sidebar-ul (pe partea dreaptă),Done,25/Jul/24 7:16 AM
Buton: ”Uniunea Europeană”,NPT-54,18853,Story,Done,NPT,Norbert Poka_TM2,software,ITF Classes,712020:8ab46ca2-145f-4a56-a13e-bb85ee67acea,,Medium,Done,IT Factory,712020:ac03dc4b-ffe6-4f35-ba83-41f3c30a3c67,IT Factory,712020:ac03dc4b-ffe6-4f35-ba83-41f3c30a3c67,IT Factory,712020:ac03dc4b-ffe6-4f35-ba83-41f3c30a3c67,17/Jun/24 3:18 PM,25/Jul/24 3:27 PM,25/Jul/24 3:26 PM,25/Jul/24 7:16 AM,,Primariatechirghiol.ro_versiunea_1.0_limba_română,,,0,"Prin apăsarea butonului acesta, utilizatorul final ar trebui să fie redirecționat către site-ul web:

[http://europa.eu/index_ro|http://europa.eu/index_ro] ",,IT Factory,712020:ac03dc4b-ffe6-4f35-ba83-41f3c30a3c67,,,,,,,,,NPT-25,NPT-99,,,,,,,,,NPT-93,NPT-94,NPT-95,NPT-100,,,,,,,,,,,,,com.atlassian.servicedesk.plugins.approvals.internal.customfield.ApprovalsCFValue@713cdeea,,,,,,,,,,,,NPT-25,Meniul de link-uri utile/sidebar-ul (pe partea dreaptă),,,,,,,,,,,,,,,,0|i01b7d:,,,,,,,,,,,NPT Sprint 1,,,,,,,,,,,,,,,,,,,3_*:*_1_*:*_3254279410_*|*_10000_*:*_1_*:*_559_*|*_10001_*:*_1_*:*_0,,,18798,Meniul de link-uri utile/sidebar-ul (pe partea dreaptă),Done,25/Jul/24 7:16 AM
Buton: ”Camera Deputaților”,NPT-53,18852,Story,Done,NPT,Norbert Poka_TM2,software,ITF Classes,712020:8ab46ca2-145f-4a56-a13e-bb85ee67acea,,Medium,Done,IT Factory,712020:ac03dc4b-ffe6-4f35-ba83-41f3c30a3c67,IT Factory,712020:ac03dc4b-ffe6-4f35-ba83-41f3c30a3c67,IT Factory,712020:ac03dc4b-ffe6-4f35-ba83-41f3c30a3c67,17/Jun/24 3:16 PM,25/Jul/24 3:25 PM,25/Jul/24 3:25 PM,25/Jul/24 7:15 AM,,Primariatechirghiol.ro_versiunea_1.0_limba_română,,,0,"Prin apăsarea butonului acesta, utilizatorul final ar trebui să fie redirecționat către site-ul web:

[http://www.cdep.ro|http://www.cdep.ro/]",,IT Factory,712020:ac03dc4b-ffe6-4f35-ba83-41f3c30a3c67,,,,,,,,,NPT-25,NPT-99,,,,,,,,,NPT-93,NPT-94,NPT-95,NPT-100,,,,,,,,,,,,,com.atlassian.servicedesk.plugins.approvals.internal.customfield.ApprovalsCFValue@3e839622,,,,,,,,,,,,NPT-25,Meniul de link-uri utile/sidebar-ul (pe partea dreaptă),,,,,,,,,,,,,,,,0|i01b75:,,,,,,,,,,,NPT Sprint 1,,,,,,,,,,,,,,,,,,,3_*:*_1_*:*_3254345090_*|*_10000_*:*_1_*:*_580_*|*_10001_*:*_1_*:*_0,,,18798,Meniul de link-uri utile/sidebar-ul (pe partea dreaptă),Done,25/Jul/24 7:15 AM
Buton: ”Senatul României”,NPT-52,18851,Story,Done,NPT,Norbert Poka_TM2,software,ITF Classes,712020:8ab46ca2-145f-4a56-a13e-bb85ee67acea,,Medium,Done,IT Factory,712020:ac03dc4b-ffe6-4f35-ba83-41f3c30a3c67,IT Factory,712020:ac03dc4b-ffe6-4f35-ba83-41f3c30a3c67,IT Factory,712020:ac03dc4b-ffe6-4f35-ba83-41f3c30a3c67,17/Jun/24 3:16 PM,25/Jul/24 7:15 AM,25/Jul/24 3:25 PM,25/Jul/24 7:15 AM,,Primariatechirghiol.ro_versiunea_1.0_limba_română,,,0,"Prin apăsarea butonului acesta, utilizatorul final ar trebui să fie redirecționat către site-ul web: 

[http://www.senat.ro|http://www.senat.ro/]",,IT Factory,712020:ac03dc4b-ffe6-4f35-ba83-41f3c30a3c67,,,,,,,,,NPT-25,,,,,,,,,,NPT-93,NPT-94,NPT-95,NPT-99,NPT-100,,,,,,,,,,,,com.atlassian.servicedesk.plugins.approvals.internal.customfield.ApprovalsCFValue@5700bd94,,,,,,,,,,,,NPT-25,Meniul de link-uri utile/sidebar-ul (pe partea dreaptă),,,,,,,,,,,,,,,,0|i01b6x:,,,,,,,,,,,NPT Sprint 1,,,,,,,,,,,,,,,,,,,3_*:*_1_*:*_3253802371_*|*_10000_*:*_1_*:*_593308_*|*_10001_*:*_1_*:*_0,,,18798,Meniul de link-uri utile/sidebar-ul (pe partea dreaptă),Done,25/Jul/24 7:15 AM
Buton: ”Guvernul României”,NPT-51,18850,Story,Done,NPT,Norbert Poka_TM2,software,ITF Classes,712020:8ab46ca2-145f-4a56-a13e-bb85ee67acea,,Medium,Done,IT Factory,712020:ac03dc4b-ffe6-4f35-ba83-41f3c30a3c67,IT Factory,712020:ac03dc4b-ffe6-4f35-ba83-41f3c30a3c67,IT Factory,712020:ac03dc4b-ffe6-4f35-ba83-41f3c30a3c67,17/Jun/24 3:15 PM,25/Jul/24 7:15 AM,25/Jul/24 3:28 PM,25/Jul/24 7:15 AM,,Primariatechirghiol.ro_versiunea_1.0_limba_română,,,0,"Prin apăsarea butonului acesta, utilizatorul final ar trebui să fie redirecționat către site-ul web: 

[http://www.guv.ro|http://www.guv.ro/]",,IT Factory,712020:ac03dc4b-ffe6-4f35-ba83-41f3c30a3c67,,,,,,,,,NPT-25,,,,,,,,,,NPT-93,NPT-94,NPT-95,NPT-99,NPT-100,,,,,,,,,,,,com.atlassian.servicedesk.plugins.approvals.internal.customfield.ApprovalsCFValue@53de08ef,,,,,,,,,,,,NPT-25,Meniul de link-uri utile/sidebar-ul (pe partea dreaptă),,,,,,,,,,,,,,,,0|i01b6p:,,,,,,,,,,,NPT Sprint 1,,,,,,,,,,,,,,,,,,,3_*:*_1_*:*_3254434505_*|*_10000_*:*_1_*:*_650_*|*_10001_*:*_1_*:*_0,,,18798,Meniul de link-uri utile/sidebar-ul (pe partea dreaptă),Done,25/Jul/24 7:15 AM
Buton: ”Președintele României”,NPT-50,18849,Story,Done,NPT,Norbert Poka_TM2,software,ITF Classes,712020:8ab46ca2-145f-4a56-a13e-bb85ee67acea,,Medium,Done,IT Factory,712020:ac03dc4b-ffe6-4f35-ba83-41f3c30a3c67,IT Factory,712020:ac03dc4b-ffe6-4f35-ba83-41f3c30a3c67,IT Factory,712020:ac03dc4b-ffe6-4f35-ba83-41f3c30a3c67,17/Jun/24 3:12 PM,25/Jul/24 7:15 AM,25/Jul/24 8:44 PM,25/Jul/24 7:15 AM,,Primariatechirghiol.ro_versiunea_1.0_limba_română,,,0,"Butonul acesta ar trebui să redirecționeze utilizatorul final către site-ul web: 

[http://www.presidency.ro|http://www.presidency.ro/]",,IT Factory,712020:ac03dc4b-ffe6-4f35-ba83-41f3c30a3c67,,,,,,,,,NPT-25,,,,,,,,,,NPT-93,NPT-94,NPT-95,NPT-99,NPT-100,,,,,,,,,,,,com.atlassian.servicedesk.plugins.approvals.internal.customfield.ApprovalsCFValue@60317fe7,,,,,,,,,,,,NPT-25,Meniul de link-uri utile/sidebar-ul (pe partea dreaptă),,,,,,,,,,,,,,,,0|i01b6h:,,,,,,,,,,,NPT Sprint 1,,,,,,,,,,,,,,,,,,,3_*:*_1_*:*_3254598909_*|*_10000_*:*_1_*:*_642_*|*_10001_*:*_1_*:*_0,,,18798,Meniul de link-uri utile/sidebar-ul (pe partea dreaptă),Done,25/Jul/24 7:15 AM
Buton: ”AM PODCA”,NPT-49,18848,Story,Done,NPT,Norbert Poka_TM2,software,ITF Classes,712020:8ab46ca2-145f-4a56-a13e-bb85ee67acea,,Medium,Done,IT Factory,712020:ac03dc4b-ffe6-4f35-ba83-41f3c30a3c67,IT Factory,712020:ac03dc4b-ffe6-4f35-ba83-41f3c30a3c67,IT Factory,712020:ac03dc4b-ffe6-4f35-ba83-41f3c30a3c67,17/Jun/24 3:11 PM,25/Jul/24 7:15 AM,25/Jul/24 8:44 PM,25/Jul/24 7:15 AM,,Primariatechirghiol.ro_versiunea_1.0_limba_română,,,0,"Prin apăsarea butonului acesta, utilizatorul final ar trebui să fie redirecționat către site-ul web: 

[http://www.fonduriadministratie.ro|http://www.fonduriadministratie.ro/]",,IT Factory,712020:ac03dc4b-ffe6-4f35-ba83-41f3c30a3c67,,,,,,,,,NPT-25,,,,,,,,,,NPT-93,NPT-94,NPT-95,NPT-96,NPT-99,NPT-100,NPT-101,NPT-103,NPT-105,NPT-107,,,,,,,com.atlassian.servicedesk.plugins.approvals.internal.customfield.ApprovalsCFValue@1956f770,,,,,,,,,,,,NPT-25,Meniul de link-uri utile/sidebar-ul (pe partea dreaptă),,,,,,,,,,,,,,,,0|i01b69:,,,,,,,,,,,NPT Sprint 1,,,,,,,,,,,,,,,,,,,3_*:*_1_*:*_3254664483_*|*_10000_*:*_1_*:*_543_*|*_10001_*:*_1_*:*_0,,,18798,Meniul de link-uri utile/sidebar-ul (pe partea dreaptă),Done,25/Jul/24 7:15 AM
Documentul: ”Raport privind Strategia Nationala Anticoruptie pe anul 2019”,NPT-46,18844,Task,Done,NPT,Norbert Poka_TM2,software,ITF Classes,712020:8ab46ca2-145f-4a56-a13e-bb85ee67acea,,Low,Done,IT Factory,712020:ac03dc4b-ffe6-4f35-ba83-41f3c30a3c67,IT Factory,712020:ac03dc4b-ffe6-4f35-ba83-41f3c30a3c67,IT Factory,712020:ac03dc4b-ffe6-4f35-ba83-41f3c30a3c67,17/Jun/24 2:16 PM,25/Jul/24 2:05 PM,25/Jul/24 8:44 PM,25/Jul/24 8:09 AM,,Primariatechirghiol.ro_versiunea_1.0_limba_română,,,0,"Documentul poate fi găsit la ”Rapoarte anuale”, din secțiunea ”RUTI conform SNA”, acționând text-ul-link ”Rapoarte anuale” din secțiunea menționată anterior. Acesta are integrat 7 pagini scanate și câteva opțiuni pentru utilizatorul final.",,IT Factory,712020:ac03dc4b-ffe6-4f35-ba83-41f3c30a3c67,,,,,,,,,NPT-45,,,,,,,,,,NPT-109,NPT-110,NPT-111,NPT-115,NPT-117,NPT-119,NPT-120,NPT-118,NPT-116,NPT-112,17/Jun/24 2:35 PM;712020:ac03dc4b-ffe6-4f35-ba83-41f3c30a3c67;Screenshot (17817).png;https://itfclasses.atlassian.net/rest/api/3/attachment/content/11463,17/Jun/24 2:35 PM;712020:ac03dc4b-ffe6-4f35-ba83-41f3c30a3c67;Screenshot (17818).png;https://itfclasses.atlassian.net/rest/api/3/attachment/content/11464,,,,,com.atlassian.servicedesk.plugins.approvals.internal.customfield.ApprovalsCFValue@1023e727,,,,,,,,,,,,NPT-30,RUTI conform SNA-leftsidebar (prezent pe partea stângă a paginii),,,,,,,,,,,,,,,,0|i01b5d:,,,,,,,,,,,NPT Sprint 1,,,,,,,,,,,,,,,,,,,3_*:*_1_*:*_3261185356_*|*_10000_*:*_1_*:*_567_*|*_10001_*:*_1_*:*_0,"17/Jun/24 2:35 PM;712020:ac03dc4b-ffe6-4f35-ba83-41f3c30a3c67;

!Screenshot (17817).png|width=1246,height=1007,alt=""Screenshot (17817).png""!



!Screenshot (17818).png|width=1373,height=1007,alt=""Screenshot (17818).png""!",,18808,RUTI conform SNA-leftsidebar (prezent pe partea stângă a paginii),Done,25/Jul/24 8:09 AM
Secțiunea: ”Rapoarte anuale”,NPT-45,18843,Story,Done,NPT,Norbert Poka_TM2,software,ITF Classes,712020:8ab46ca2-145f-4a56-a13e-bb85ee67acea,,Low,Done,IT Factory,712020:ac03dc4b-ffe6-4f35-ba83-41f3c30a3c67,IT Factory,712020:ac03dc4b-ffe6-4f35-ba83-41f3c30a3c67,IT Factory,712020:ac03dc4b-ffe6-4f35-ba83-41f3c30a3c67,17/Jun/24 2:00 PM,25/Jul/24 2:19 PM,25/Jul/24 3:28 PM,25/Jul/24 8:10 AM,,Primariatechirghiol.ro_versiunea_1.0_limba_română,,,0,"Secțiunea meniului ”RUTI conform SNA”, sub formă de text-link, este amplasată pe partea stângă a paginii/leftsidebar, strict sub titlul meniului menționat anterior.

Utilizatorul final ar trebui să fie redirecționat către mai multe informații privitoare la secțiune.",,IT Factory,712020:ac03dc4b-ffe6-4f35-ba83-41f3c30a3c67,,,,,,,,,NPT-30,,,,,,,,,,NPT-46,NPT-109,NPT-111,NPT-115,NPT-117,NPT-119,,,,,,,,,,,com.atlassian.servicedesk.plugins.approvals.internal.customfield.ApprovalsCFValue@c596cab,,,,,,,,,,,,NPT-30,RUTI conform SNA-leftsidebar (prezent pe partea stângă a paginii),,,,,,,,,,,,,,,,0|i01b55:,,,,,,,,,,,NPT Sprint 1,,,,,,,,,,,,,,,,,,,3_*:*_1_*:*_3262187651_*|*_10000_*:*_1_*:*_622_*|*_10001_*:*_1_*:*_0,,,18808,RUTI conform SNA-leftsidebar (prezent pe partea stângă a paginii),Done,25/Jul/24 8:10 AM
Titlul meniului: ”RUTI conform SNA”,NPT-44,18842,Story,Done,NPT,Norbert Poka_TM2,software,ITF Classes,712020:8ab46ca2-145f-4a56-a13e-bb85ee67acea,,Low,Done,IT Factory,712020:ac03dc4b-ffe6-4f35-ba83-41f3c30a3c67,IT Factory,712020:ac03dc4b-ffe6-4f35-ba83-41f3c30a3c67,IT Factory,712020:ac03dc4b-ffe6-4f35-ba83-41f3c30a3c67,17/Jun/24 1:57 PM,25/Jul/24 2:04 PM,25/Jul/24 8:44 PM,25/Jul/24 8:10 AM,,Primariatechirghiol.ro_versiunea_1.0_limba_română,,,0,"Titlul acestui meniu este amplasat pe partea stângă a paginii/leftsidebar, strict deasupra secțiunii ”Rapoarte anuale” care aparține acestui meniu.",,IT Factory,712020:ac03dc4b-ffe6-4f35-ba83-41f3c30a3c67,,,,,,,,,NPT-30,,,,,,,,,,NPT-109,NPT-111,NPT-115,NPT-117,NPT-119,,,,,,,,,,,,com.atlassian.servicedesk.plugins.approvals.internal.customfield.ApprovalsCFValue@6aec0f7c,,,,,,,,,,,,NPT-30,RUTI conform SNA-leftsidebar (prezent pe partea stângă a paginii),,,,,,,,,,,,,,,,0|i01b4x:,,,,,,,,,,,NPT Sprint 1,,,,,,,,,,,,,,,,,,,3_*:*_1_*:*_3262381707_*|*_10000_*:*_1_*:*_725_*|*_10001_*:*_1_*:*_0,,,18808,RUTI conform SNA-leftsidebar (prezent pe partea stângă a paginii),Done,25/Jul/24 8:10 AM
Opțiuni YouTube (click dreapta),NPT-43,18841,Story,Done,NPT,Norbert Poka_TM2,software,ITF Classes,712020:8ab46ca2-145f-4a56-a13e-bb85ee67acea,,Medium,Done,IT Factory,712020:ac03dc4b-ffe6-4f35-ba83-41f3c30a3c67,IT Factory,712020:ac03dc4b-ffe6-4f35-ba83-41f3c30a3c67,IT Factory,712020:ac03dc4b-ffe6-4f35-ba83-41f3c30a3c67,17/Jun/24 1:48 PM,25/Jul/24 8:14 PM,25/Jul/24 8:08 PM,25/Jul/24 8:14 PM,,Primariatechirghiol.ro_versiunea_1.0_limba_română,,,0,"Apăsând pe butonul drept al mouse-ului/șoarecelui de pe suprafața pe care este așezat, click-ul fiind poziționat pe o zonă liberă a videoclipului, apar mai multe opțiuni oferite de către platforma YouTube:

* Account;
* Loop;
* Copy video URL;
* Copy video URL at current time;
* Copy embed code;
* Copy debug info;
* Troubleshoot playback issue;
* Stats for nerds.",,IT Factory,712020:ac03dc4b-ffe6-4f35-ba83-41f3c30a3c67,,,,,,,,,NPT-24,,,,,,,,,,NPT-121,,,,,,,,,,,,,,,,com.atlassian.servicedesk.plugins.approvals.internal.customfield.ApprovalsCFValue@3545346b,,,,,,,,,,,,NPT-24,Videoclipul integrat în site-ul web (de sub cb_menu),,,,,,,,,,,,,,,,0|i01b4p:,,,,,,,,,,,NPT Sprint 1,,,,,,,,,,,,,,,,,,,3_*:*_2_*:*_3271684556_*|*_10000_*:*_2_*:*_34640666_*|*_10001_*:*_1_*:*_0,,,18796,Videoclipul integrat în site-ul web (de sub cb_menu),Done,25/Jul/24 8:14 PM
Buton transparent cu textul (de culoare albă): ”Watch on YouTube” ,NPT-42,18840,Story,Done,NPT,Norbert Poka_TM2,software,ITF Classes,712020:8ab46ca2-145f-4a56-a13e-bb85ee67acea,,Medium,Done,IT Factory,712020:ac03dc4b-ffe6-4f35-ba83-41f3c30a3c67,IT Factory,712020:ac03dc4b-ffe6-4f35-ba83-41f3c30a3c67,IT Factory,712020:ac03dc4b-ffe6-4f35-ba83-41f3c30a3c67,17/Jun/24 1:39 PM,25/Jul/24 8:14 PM,25/Jul/24 8:04 PM,25/Jul/24 8:14 PM,,Primariatechirghiol.ro_versiunea_1.0_limba_română,,,0,"La acționarea butonului transparent, având pe acesta textul: ”Watch on YouTube”, care este amplasat într-o zonă joasă deasupra videoclipului de pe site-ul web, utilizatorul final este redirecționat către platforma YouTube pentru a viziona videoclipul ”iluminat public Techirghiol”.",,IT Factory,712020:ac03dc4b-ffe6-4f35-ba83-41f3c30a3c67,,,,,,,,,NPT-24,,,,,,,,,,NPT-121,,,,,,,,,,,,,,,,com.atlassian.servicedesk.plugins.approvals.internal.customfield.ApprovalsCFValue@4d1243d4,,,,,,,,,,,,NPT-24,Videoclipul integrat în site-ul web (de sub cb_menu),,,,,,,,,,,,,,,,0|i01b4h:,,,,,,,,,,,NPT Sprint 1,,,,,,,,,,,,,,,,,,,3_*:*_2_*:*_3272256512_*|*_10000_*:*_2_*:*_34640546_*|*_10001_*:*_1_*:*_0,,,18796,Videoclipul integrat în site-ul web (de sub cb_menu),Done,25/Jul/24 8:14 PM
Butonul roșu de rulare al videoclipului,NPT-41,18837,Story,Done,NPT,Norbert Poka_TM2,software,ITF Classes,712020:8ab46ca2-145f-4a56-a13e-bb85ee67acea,,Medium,Done,IT Factory,712020:ac03dc4b-ffe6-4f35-ba83-41f3c30a3c67,IT Factory,712020:ac03dc4b-ffe6-4f35-ba83-41f3c30a3c67,IT Factory,712020:ac03dc4b-ffe6-4f35-ba83-41f3c30a3c67,17/Jun/24 1:31 PM,25/Jul/24 8:14 PM,25/Jul/24 8:14 PM,25/Jul/24 8:14 PM,,Primariatechirghiol.ro_versiunea_1.0_limba_română,,,0,"La acționarea butonului de culoare roșie, cu triunghi alb orientat cu vârful spre dreapta, care este regăsit în centrul videoclipului de pe site-ul web, începe rularea videoclipului de pe site-ul web. Apar funcționalități specifice platformei YouTube în timpul vizionării videoclipului, funcționalități ce sunt menite să contribuie pozitiv la menținerea mediului propice al utilizatorului final pentru vizionarea de conținut video.",,IT Factory,712020:ac03dc4b-ffe6-4f35-ba83-41f3c30a3c67,,,,,,,,,NPT-24,,,,,,,,,,NPT-121,,,,,,,,,,,,,,,,com.atlassian.servicedesk.plugins.approvals.internal.customfield.ApprovalsCFValue@14a97be4,,,,,,,,,,,,NPT-24,Videoclipul integrat în site-ul web (de sub cb_menu),,,,,,,,,,,,,,,,0|i01b3t:,,,,,,,,,,,NPT Sprint 1,,,,,,,,,,,,,,,,,,,3_*:*_2_*:*_3272707475_*|*_10000_*:*_2_*:*_34641415_*|*_10001_*:*_1_*:*_0,,,18796,Videoclipul integrat în site-ul web (de sub cb_menu),Done,25/Jul/24 8:14 PM
Grădina Botanică-leftsidebar (prezent pe partea stângă a paginii),NPT-31,18809,Epic,Done,NPT,Norbert Poka_TM2,software,ITF Classes,712020:8ab46ca2-145f-4a56-a13e-bb85ee67acea,,Low,Done,IT Factory,712020:ac03dc4b-ffe6-4f35-ba83-41f3c30a3c67,IT Factory,712020:ac03dc4b-ffe6-4f35-ba83-41f3c30a3c67,IT Factory,712020:ac03dc4b-ffe6-4f35-ba83-41f3c30a3c67,17/Jun/24 1:11 AM,25/Jul/24 4:34 PM,25/Jul/24 8:44 PM,04/Jul/24 10:13 AM,,Primariatechirghiol_versiunea_1.0_PentruAltăDată,,,0,"Secțiunea ”Grădina Botanică”, prezentă pe partea stângă a paginii/leftsidebar, deasupra footer-ului site-ului web, este compusă din:

* Gradina Botanica.",,IT Factory,712020:ac03dc4b-ffe6-4f35-ba83-41f3c30a3c67,,,,,,,,,,,,,,,,,,,NPT-47,NPT-48,NPT-84,,,,,,,,17/Jun/24 1:50 PM;712020:ac03dc4b-ffe6-4f35-ba83-41f3c30a3c67;Screenshot (17753).png;https://itfclasses.atlassian.net/rest/api/3/attachment/content/11460,17/Jun/24 1:51 PM;712020:ac03dc4b-ffe6-4f35-ba83-41f3c30a3c67;Screenshot (17757).png;https://itfclasses.atlassian.net/rest/api/3/attachment/content/11462,,,,,com.atlassian.servicedesk.plugins.approvals.internal.customfield.ApprovalsCFValue@6cbd607b,,,,,,,,,,,ghx-label-5,,,,To Do,,,,dark_teal,,,,,,,,,,0|i01axl:,,,,,,,,,,,NPT Sprint 1,,,,,,,,,,,,,,,,,,,3_*:*_1_*:*_1501335068_*|*_10000_*:*_1_*:*_2031_*|*_10001_*:*_1_*:*_0,"17/Jun/24 1:50 PM;712020:ac03dc4b-ffe6-4f35-ba83-41f3c30a3c67;

!Screenshot (17753).png|width=213,height=92,alt=""Screenshot (17753).png""!","17/Jun/24 1:51 PM;712020:ac03dc4b-ffe6-4f35-ba83-41f3c30a3c67;

!Screenshot (17757).png|width=749,height=979,alt=""Screenshot (17757).png""!",,,Done,04/Jul/24 10:13 AM
RUTI conform SNA-leftsidebar (prezent pe partea stângă a paginii),NPT-30,18808,Epic,Done,NPT,Norbert Poka_TM2,software,ITF Classes,712020:8ab46ca2-145f-4a56-a13e-bb85ee67acea,,Low,Done,IT Factory,712020:ac03dc4b-ffe6-4f35-ba83-41f3c30a3c67,IT Factory,712020:ac03dc4b-ffe6-4f35-ba83-41f3c30a3c67,IT Factory,712020:ac03dc4b-ffe6-4f35-ba83-41f3c30a3c67,17/Jun/24 1:09 AM,25/Jul/24 2:18 PM,25/Jul/24 4:33 PM,25/Jul/24 2:18 PM,,Primariatechirghiol.ro_versiunea_1.0_limba_română,,,0,"Secțiunea ”RUTI conform SNA”, prezentă pe partea stângă a paginii/leftsidebar, este compusă din: 

* Rapoarte anuale.",,IT Factory,712020:ac03dc4b-ffe6-4f35-ba83-41f3c30a3c67,,,,,,,,,,,,,,,,,,,NPT-44,NPT-45,,,,,,,,,17/Jun/24 1:50 PM;712020:ac03dc4b-ffe6-4f35-ba83-41f3c30a3c67;Screenshot (17752).png;https://itfclasses.atlassian.net/rest/api/3/attachment/content/11459,17/Jun/24 1:51 PM;712020:ac03dc4b-ffe6-4f35-ba83-41f3c30a3c67;Screenshot (17756).png;https://itfclasses.atlassian.net/rest/api/3/attachment/content/11461,,,,,com.atlassian.servicedesk.plugins.approvals.internal.customfield.ApprovalsCFValue@16a177b9,,,,,,,,,,,ghx-label-10,,,,To Do,,,,blue,,,,,,,,,,0|i01axd:,,,,,,,,,,,NPT Sprint 1,,,,,,,,,,,,,,,,,,,3_*:*_1_*:*_3330535367_*|*_10000_*:*_1_*:*_417_*|*_10001_*:*_1_*:*_0,"17/Jun/24 1:50 PM;712020:ac03dc4b-ffe6-4f35-ba83-41f3c30a3c67;

!Screenshot (17752).png|width=213,height=89,alt=""Screenshot (17752).png""!","17/Jun/24 1:51 PM;712020:ac03dc4b-ffe6-4f35-ba83-41f3c30a3c67;

!Screenshot (17756).png|width=762,height=977,alt=""Screenshot (17756).png""!",,,Done,25/Jul/24 2:18 PM
Meniul de link-uri utile/sidebar-ul (pe partea dreaptă),NPT-25,18798,Epic,Done,NPT,Norbert Poka_TM2,software,ITF Classes,712020:8ab46ca2-145f-4a56-a13e-bb85ee67acea,,Medium,Done,IT Factory,712020:ac03dc4b-ffe6-4f35-ba83-41f3c30a3c67,IT Factory,712020:ac03dc4b-ffe6-4f35-ba83-41f3c30a3c67,IT Factory,712020:ac03dc4b-ffe6-4f35-ba83-41f3c30a3c67,16/Jun/24 5:33 PM,25/Jul/24 4:33 PM,25/Jul/24 8:44 PM,25/Jul/24 7:15 AM,,Primariatechirghiol_versiunea_1.0_PentruAltăDată,Primariatechirghiol.ro_versiunea_1.0_limba_română,,0,"Meniul este format din următoarele butoane:

* AM PODCA;
* Președintele României;
* Guvernul României;
* Senatul României;
* Camera Deputaților;
* Uniunea Europeană;
* Infoeuropa;
* Ministerul Dezvoltării Regionale și Turismului.",,IT Factory,712020:ac03dc4b-ffe6-4f35-ba83-41f3c30a3c67,,,,,,,,,,,,,,,,,,,NPT-49,NPT-50,NPT-51,NPT-52,NPT-53,NPT-54,NPT-55,NPT-56,NPT-57,,16/Jun/24 5:57 PM;712020:ac03dc4b-ffe6-4f35-ba83-41f3c30a3c67;Screenshot (17597).png;https://itfclasses.atlassian.net/rest/api/3/attachment/content/11429,,,,,,com.atlassian.servicedesk.plugins.approvals.internal.customfield.ApprovalsCFValue@50a314ac,,,,,,,,,,,ghx-label-9,,,,To Do,,,,orange,,,,,,,,,,0|i01av5:,,,,,,,,,,,NPT Sprint 1,,,,,,,,,,,,,,,,,,,3_*:*_1_*:*_3332548715_*|*_10000_*:*_1_*:*_519_*|*_10001_*:*_1_*:*_0,"16/Jun/24 5:57 PM;712020:ac03dc4b-ffe6-4f35-ba83-41f3c30a3c67;

!Screenshot (17597).png|width=122,height=233,alt=""Screenshot (17597).png""!",,,,Done,25/Jul/24 7:15 AM
Videoclipul integrat în site-ul web (de sub cb_menu),NPT-24,18796,Epic,Done,NPT,Norbert Poka_TM2,software,ITF Classes,712020:8ab46ca2-145f-4a56-a13e-bb85ee67acea,,Medium,Done,IT Factory,712020:ac03dc4b-ffe6-4f35-ba83-41f3c30a3c67,IT Factory,712020:ac03dc4b-ffe6-4f35-ba83-41f3c30a3c67,IT Factory,712020:ac03dc4b-ffe6-4f35-ba83-41f3c30a3c67,16/Jun/24 5:18 PM,25/Jul/24 8:13 PM,25/Jul/24 7:46 PM,25/Jul/24 8:13 PM,,Primariatechirghiol.ro_versiunea_1.0_limba_română,,,0,Videoclipul trebuie să poată fi rulat direct din site-ul web. Are destulă importanță ca utilizatorul final să poată viziona videoclipul fără inconveniente,,IT Factory,712020:ac03dc4b-ffe6-4f35-ba83-41f3c30a3c67,,,,,,,,,,,,,,,,,,,NPT-41,NPT-42,NPT-43,NPT-121,,,,,,,16/Jun/24 5:22 PM;712020:ac03dc4b-ffe6-4f35-ba83-41f3c30a3c67;Screenshot (17692).png;https://itfclasses.atlassian.net/rest/api/3/attachment/content/11419,,,,,,com.atlassian.servicedesk.plugins.approvals.internal.customfield.ApprovalsCFValue@1abe8db0,,,,,,,,,,,ghx-label-13,,,,To Do,,,,dark_green,,,,,,,,,,0|i01aup:,,,,,,,,,,,NPT Sprint 1,,,,,,,,,,,,,,,,,,,3_*:*_2_*:*_3375035400_*|*_10000_*:*_2_*:*_5078344_*|*_10001_*:*_1_*:*_0,"16/Jun/24 5:22 PM;712020:ac03dc4b-ffe6-4f35-ba83-41f3c30a3c67;[https://youtu.be/6LEQoSuVXZ4|https://youtu.be/6LEQoSuVXZ4|smart-link] 

!Screenshot (17692).png|width=1148,height=549,alt=""Screenshot (17692).png""!",,,,Done,25/Jul/24 8:13 PM
Header/cb_logo,NPT-22,18794,Epic,Done,NPT,Norbert Poka_TM2,software,ITF Classes,712020:8ab46ca2-145f-4a56-a13e-bb85ee67acea,,High,Done,IT Factory,712020:ac03dc4b-ffe6-4f35-ba83-41f3c30a3c67,IT Factory,712020:ac03dc4b-ffe6-4f35-ba83-41f3c30a3c67,IT Factory,712020:ac03dc4b-ffe6-4f35-ba83-41f3c30a3c67,16/Jun/24 5:00 PM,25/Jul/24 4:33 PM,25/Jul/24 8:44 PM,18/Jun/24 5:35 PM,,Primariatechirghiol_versiunea_1.0_PentruAltăDată,,,0,"Prima imagine din site-ul web reprezintă cb_logo-ul și header-ul paginii, fiind amplasat în cea mai de sus parte a imaginii. Aceasta este foarte importantă pentru interfața cu care utilizatorul final interacționează.",,IT Factory,712020:ac03dc4b-ffe6-4f35-ba83-41f3c30a3c67,,,,,,,,,,,,,,,,,,,NPT-32,NPT-33,NPT-34,NPT-35,NPT-36,NPT-37,NPT-38,NPT-39,NPT-40,NPT-62,16/Jun/24 5:53 PM;712020:ac03dc4b-ffe6-4f35-ba83-41f3c30a3c67;Screenshot (17728).png;https://itfclasses.atlassian.net/rest/api/3/attachment/content/11427,,,,,,com.atlassian.servicedesk.plugins.approvals.internal.customfield.ApprovalsCFValue@35bfed16,,,,,,,,,,,ghx-label-11,,,,To Do,,,,teal,,,,,,,,,,0|i01au9:,,,,,,,,,,,NPT Sprint 1,,,,,,,,,,,,,,,,,,,3_*:*_1_*:*_174859807_*|*_10000_*:*_1_*:*_539_*|*_10001_*:*_1_*:*_0,"16/Jun/24 5:53 PM;712020:ac03dc4b-ffe6-4f35-ba83-41f3c30a3c67;

!Screenshot (17728).png|width=1464,height=154,alt=""Screenshot (17728).png""!",,,,Done,18/Jun/24 5:35 PM
Consola site-ului web,NPT-20,18792,Epic,Done,NPT,Norbert Poka_TM2,software,ITF Classes,712020:8ab46ca2-145f-4a56-a13e-bb85ee67acea,,Low,Done,IT Factory,712020:ac03dc4b-ffe6-4f35-ba83-41f3c30a3c67,IT Factory,712020:ac03dc4b-ffe6-4f35-ba83-41f3c30a3c67,IT Factory,712020:ac03dc4b-ffe6-4f35-ba83-41f3c30a3c67,16/Jun/24 4:44 PM,25/Jul/24 4:33 PM,25/Jul/24 8:44 PM,18/Jun/24 7:03 PM,,Primariatechirghiol_versiunea_1.0_PentruAltăDată,,,0,"Accesând consola site-ului web putem regăsi mai multe detalii, precum erori sau defecte. 

Aceasta se poate accesa fie apasând pe tasta ”F12”, rămânând strict pe site-ul web, fie apăsând pe butonul drept al mouse-ului/șoarecelui de pe suprafața pe care este așezat, click-ul fiind poziționat pe ”Inspect”. și după apăsând pe butonul stâng al mouse-ului/șoarecelui de pe suprafața pe care este așezat, click-ul fiind poziționat tot pe ”Inspect”.",,IT Factory,712020:ac03dc4b-ffe6-4f35-ba83-41f3c30a3c67,,,,,,,,,,,,,,,,,,,NPT-27,,,,,,,,,,16/Jun/24 4:46 PM;712020:ac03dc4b-ffe6-4f35-ba83-41f3c30a3c67;Screenshot (17601).png;https://itfclasses.atlassian.net/rest/api/3/attachment/content/11417,16/Jun/24 6:25 PM;712020:ac03dc4b-ffe6-4f35-ba83-41f3c30a3c67;Screenshot (17734).png;https://itfclasses.atlassian.net/rest/api/3/attachment/content/11437,,,,,com.atlassian.servicedesk.plugins.approvals.internal.customfield.ApprovalsCFValue@579dc852,,,,,,,,,,,ghx-label-8,,,,To Do,,,,dark_purple,,,,,,,,,,0|i01au1:,,,,,,,,,,,NPT Sprint 1,,,,,,,,,,,,,,,,,,,3_*:*_1_*:*_82757526_*|*_10000_*:*_2_*:*_98399050_*|*_10001_*:*_1_*:*_0,"16/Jun/24 4:46 PM;712020:ac03dc4b-ffe6-4f35-ba83-41f3c30a3c67;

!Screenshot (17601).png|width=413,height=411,alt=""Screenshot (17601).png""!","16/Jun/24 6:25 PM;712020:ac03dc4b-ffe6-4f35-ba83-41f3c30a3c67;

!Screenshot (17734).png|width=969,height=961,alt=""Screenshot (17734).png""!",,,Done,18/Jun/24 7:03 PM
